timestamp_s,throttle,rpm,true_cht,egt,oil_temp,oil_pressure,fuel_flow
0.0,0.25,1450.0,52.0,337.21,42.0,51.54,4.462
1.0,0.25,1535.3,52.43,339.56,42.03,53.33,4.718
2.0,0.25,1593.5,52.94,342.29,42.08,54.23,4.893
3.0,0.25,1633.3,53.45,345.09,42.14,55.4,5.012
4.0,0.25,1665.2,53.46,345.11,42.05,55.43,5.108
5.0,0.25,1683.9,54.01,348.1,42.24,56.26,5.164
6.0,0.25,1701.8,54.45,350.48,42.77,56.68,5.217
7.0,0.25,1711.5,54.68,351.74,42.6,56.55,5.247
8.0,0.25,1718.9,55.27,354.92,42.73,56.79,5.269
9.0,0.25,1719.8,55.52,356.27,42.9,56.49,5.272
10.0,0.25,1723.3,56.27,360.33,42.83,56.3,5.282
11.0,0.25,1730.3,57.04,364.53,42.8,56.5,5.303
12.0,0.25,1730.3,57.03,364.46,42.87,57.77,5.303
13.0,0.25,1737.1,56.81,363.28,43.08,56.65,5.323
14.0,0.25,1733.4,57.41,366.53,42.93,57.33,5.312
15.0,0.25,1734.8,57.19,365.34,42.98,56.6,5.317
16.0,0.25,1732.8,57.57,367.39,42.99,56.48,5.311
17.0,0.25,1727.3,58.09,370.2,42.93,55.95,5.294
18.0,0.25,1729.8,58.46,372.24,43.17,56.92,5.302
19.0,0.25,1736.9,59.07,375.51,43.45,56.82,5.323
20.0,0.25,1733.8,59.33,376.92,43.41,56.74,5.314
21.0,0.25,1726.3,59.3,376.77,43.49,55.98,5.291
22.0,0.25,1727.0,59.37,377.16,43.29,56.61,5.293
23.0,0.25,1727.4,59.66,378.73,43.48,56.58,5.294
24.0,0.25,1732.2,59.28,376.69,43.36,56.66,5.309
25.0,0.25,1727.8,59.14,375.91,43.19,57.18,5.296
26.0,0.25,1727.7,59.39,377.28,43.34,56.97,5.295
27.0,0.25,1728.9,59.47,377.67,43.21,56.78,5.299
28.0,0.25,1729.3,59.72,379.05,43.31,56.2,5.3
29.0,0.25,1730.6,59.72,379.08,43.55,56.57,5.304
30.0,0.25,1727.4,60.06,380.9,43.6,56.9,5.294
31.0,0.25,1726.1,60.08,381.0,43.61,56.36,5.29
32.0,0.25,1727.5,60.14,381.35,43.44,56.82,5.294
33.0,0.25,1737.7,60.44,382.95,43.42,56.05,5.325
34.0,0.25,1735.8,61.04,386.2,44.01,57.73,5.32
35.0,0.25,1730.1,61.76,390.13,44.31,56.41,5.302
36.0,0.25,1728.6,61.92,390.98,44.14,56.59,5.298
37.0,0.25,1732.3,62.12,392.06,44.17,55.72,5.309
38.0,0.25,1736.8,62.6,394.69,44.23,56.87,5.322
39.0,0.25,1735.9,62.86,396.08,44.05,56.6,5.32
40.0,0.25,1738.4,63.02,396.94,44.26,56.57,5.327
41.0,0.25,1733.0,62.76,395.54,44.07,57.38,5.311
42.0,0.25,1727.8,62.74,395.41,43.9,57.11,5.295
43.0,0.25,1731.8,62.5,394.13,44.14,56.8,5.308
44.0,0.25,1730.5,62.44,393.79,44.4,56.46,5.304
45.0,0.25,1730.1,62.8,395.77,44.02,56.52,5.303
46.0,0.25,1730.4,62.48,394.03,44.15,57.06,5.303
47.0,0.25,1728.9,62.67,395.05,44.05,56.74,5.299
48.0,0.25,1726.4,63.41,399.03,44.35,57.53,5.291
49.0,0.25,1727.5,63.68,400.5,44.21,55.79,5.295
50.0,0.25,1730.2,63.36,398.78,44.31,57.3,5.303
51.0,0.25,1730.5,63.45,399.27,44.1,56.72,5.304
52.0,0.25,1726.2,63.67,400.49,44.58,56.71,5.291
53.0,0.25,1729.3,64.09,402.74,44.64,57.57,5.3
54.0,0.25,1732.1,63.86,401.48,44.72,56.81,5.308
55.0,0.25,1734.6,64.16,403.1,44.75,56.99,5.316
56.0,0.25,1736.5,64.23,403.52,44.52,56.89,5.322
57.0,0.25,1743.5,64.2,403.33,44.63,57.19,5.343
58.0,0.25,1735.8,63.9,401.7,44.5,56.84,5.319
59.0,0.25,1733.6,63.78,401.09,44.51,57.39,5.313
60.0,0.25,1737.7,64.21,403.38,44.61,57.18,5.325
61.0,0.25,1735.7,64.49,404.88,44.89,57.36,5.319
62.0,0.25,1729.4,64.62,405.63,44.72,56.95,5.3
63.0,0.25,1732.2,65.02,407.8,44.57,56.13,5.309
64.0,0.25,1737.7,65.2,408.75,44.35,57.21,5.325
65.0,0.25,1730.5,65.18,408.64,44.39,56.32,5.304
66.0,0.25,1728.2,64.82,406.7,44.26,56.1,5.297
67.0,0.25,1726.8,64.8,406.61,44.2,56.99,5.293
68.0,0.25,1721.8,64.37,404.26,44.1,57.51,5.278
69.0,0.25,1724.5,64.07,402.65,43.99,56.84,5.286
70.0,0.25,1731.2,64.53,405.11,43.76,56.27,5.306
71.0,0.25,1731.4,65.12,408.35,43.76,57.19,5.306
72.0,0.25,1736.6,65.03,407.83,43.82,57.09,5.322
73.0,0.25,1735.7,65.13,408.4,43.95,56.99,5.319
74.0,0.25,1734.5,65.17,408.61,44.05,56.43,5.315
75.0,0.25,1736.1,65.19,408.72,44.23,57.16,5.32
76.0,0.25,1733.6,65.34,409.52,43.94,56.03,5.313
77.0,0.25,1724.0,65.72,411.6,44.04,57.23,5.284
78.0,0.25,1730.4,65.19,408.7,44.06,56.62,5.303
79.0,0.25,1739.7,65.22,408.84,44.1,57.44,5.331
80.0,0.25,1746.4,65.4,409.83,44.22,58.17,5.351
81.0,0.25,1755.8,65.13,408.36,44.38,56.88,5.379
82.0,0.25,1747.3,65.36,409.64,44.34,57.56,5.354
83.0,0.25,1745.8,65.43,409.99,44.33,57.81,5.35
84.0,0.25,1737.8,65.29,409.23,44.56,55.79,5.326
85.0,0.25,1733.9,66.17,414.02,44.64,56.84,5.314
86.0,0.25,1730.8,65.75,411.72,44.94,57.0,5.305
87.0,0.25,1735.2,65.66,411.23,44.61,57.08,5.318
88.0,0.25,1733.8,65.51,410.43,44.74,55.9,5.313
89.0,0.25,1728.4,65.49,410.36,44.58,57.08,5.297
90.0,0.25,1726.7,64.65,405.8,44.56,56.91,5.292
91.0,0.25,1721.5,64.87,406.95,44.16,56.5,5.277
92.0,0.25,1719.1,64.67,405.9,44.23,57.23,5.269
93.0,0.25,1728.0,64.52,405.1,43.88,56.25,5.296
94.0,0.25,1727.1,64.69,405.99,44.03,56.88,5.293
95.0,0.25,1726.7,64.35,404.17,43.78,56.92,5.292
96.0,0.25,1733.6,64.56,405.27,43.49,56.28,5.313
97.0,0.25,1735.0,64.9,407.12,43.44,56.91,5.317
98.0,0.25,1732.3,65.06,407.98,43.41,56.59,5.309
99.0,0.25,1723.8,65.13,408.39,43.46,56.05,5.283
100.0,0.25,1724.9,64.84,406.81,44.07,56.47,5.287
101.0,0.25,1721.9,64.9,407.13,44.07,56.81,5.278
102.0,0.25,1726.2,64.9,407.11,44.36,56.87,5.291
103.0,0.25,1725.7,65.11,408.25,44.66,56.63,5.289
104.0,0.25,1728.6,65.28,409.19,44.81,56.88,5.298
105.0,0.25,1726.4,65.09,408.15,44.89,57.14,5.291
106.0,0.25,1723.9,65.4,409.84,44.81,56.51,5.284
107.0,0.25,1726.5,65.59,410.85,44.68,56.66,5.292
108.0,0.25,1726.3,65.21,408.83,45.11,56.89,5.291
109.0,0.25,1723.4,64.9,407.13,45.03,57.13,5.282
110.0,0.25,1729.7,65.1,408.21,44.81,55.99,5.301
111.0,0.25,1734.5,65.45,410.09,44.72,56.42,5.316
112.0,0.25,1733.7,65.53,410.57,44.82,57.08,5.313
113.0,0.25,1731.3,65.93,412.69,45.05,57.04,5.306
114.0,0.25,1727.7,65.88,412.43,45.04,56.68,5.295
115.0,0.25,1729.3,65.85,412.26,44.95,56.09,5.3
116.0,0.25,1729.7,65.83,412.18,45.01,56.21,5.301
117.0,0.25,1737.0,66.04,413.29,44.84,56.88,5.323
118.0,0.25,1738.7,66.14,413.83,45.12,56.78,5.328
119.0,0.25,1730.3,66.21,414.21,45.1,57.66,5.303
120.0,0.95,1974.5,68.28,425.43,45.61,61.3,22.621
121.0,0.95,2148.1,70.19,435.81,46.32,64.46,24.601
122.0,0.95,2260.1,71.84,444.73,46.74,66.67,25.877
123.0,0.95,2347.7,72.98,450.93,47.51,68.51,26.876
124.0,0.95,2398.6,74.64,459.95,47.9,69.82,27.456
125.0,0.95,2430.2,76.37,469.3,48.2,69.53,27.817
126.0,0.95,2462.7,78.05,478.4,48.47,70.44,28.187
127.0,0.95,2482.9,79.7,487.34,48.86,70.69,28.417
128.0,0.95,2500.5,81.64,497.84,49.59,71.13,28.618
129.0,0.95,2508.6,83.69,508.96,49.87,71.25,28.711
130.0,0.95,2508.5,85.02,516.16,50.12,71.21,28.709
131.0,0.95,2510.8,86.62,524.86,50.44,70.82,28.735
132.0,0.95,2513.9,88.08,532.77,50.87,71.85,28.771
133.0,0.95,2518.3,89.44,540.12,51.38,71.6,28.82
134.0,0.95,2519.1,90.61,546.47,51.93,71.12,28.83
135.0,0.95,2521.1,92.11,554.63,52.03,71.32,28.853
136.0,0.95,2527.6,92.68,557.69,52.62,71.27,28.926
137.0,0.95,2533.3,93.9,564.31,53.13,71.81,28.991
138.0,0.95,2524.8,94.92,569.83,53.53,71.98,28.895
139.0,0.95,2527.9,96.34,577.52,53.99,71.79,28.93
140.0,0.95,2523.9,97.4,583.27,54.36,71.39,28.884
141.0,0.95,2531.0,97.59,584.29,55.08,72.14,28.966
142.0,0.95,2527.8,98.21,587.67,55.1,71.85,28.929
143.0,0.95,2521.9,99.53,594.84,55.21,72.21,28.861
144.0,0.95,2524.3,101.24,604.1,55.35,71.93,28.889
145.0,0.95,2525.3,102.88,612.97,55.59,70.66,28.901
146.0,0.95,2528.0,104.05,619.31,55.92,72.54,28.931
147.0,0.95,2527.8,105.29,626.03,56.11,71.55,28.929
148.0,0.95,2528.3,106.45,632.33,56.85,71.19,28.935
149.0,0.95,2525.4,107.45,637.75,57.26,71.32,28.902
150.0,0.95,2526.6,108.24,642.04,57.53,71.35,28.915
151.0,0.95,2522.7,108.97,645.99,57.86,71.66,28.871
152.0,0.95,2517.6,109.71,649.99,58.2,71.71,28.813
153.0,0.95,2516.3,110.29,653.15,58.69,70.53,28.798
154.0,0.95,2512.2,110.64,655.07,58.72,72.1,28.751
155.0,0.95,2517.0,111.11,657.58,59.11,71.14,28.806
156.0,0.95,2516.4,111.71,660.84,59.25,71.96,28.799
157.0,0.95,2517.3,111.95,662.14,59.58,70.88,28.809
158.0,0.95,2517.8,112.6,665.67,59.88,70.85,28.815
159.0,0.95,2523.1,113.73,671.77,59.95,71.45,28.875
160.0,0.95,2517.7,115.15,679.46,60.33,71.8,28.814
161.0,0.95,2521.2,115.78,682.88,60.46,71.21,28.853
162.0,0.95,2523.1,116.37,686.1,60.84,71.78,28.875
163.0,0.95,2521.4,117.67,693.13,61.44,71.06,28.856
164.0,0.95,2525.4,118.45,697.39,61.47,71.28,28.902
165.0,0.95,2520.8,118.61,698.25,61.57,71.27,28.849
166.0,0.95,2521.9,119.15,701.18,62.03,71.19,28.862
167.0,0.95,2526.1,119.99,705.71,62.04,71.6,28.909
168.0,0.95,2520.4,120.6,709.04,62.56,72.13,28.845
169.0,0.95,2516.5,120.6,709.05,62.86,70.95,28.8
170.0,0.95,2515.4,121.04,711.39,62.96,70.95,28.787
171.0,0.95,2515.8,122.03,716.76,63.12,71.7,28.792
172.0,0.95,2516.1,122.97,721.87,63.37,71.97,28.796
173.0,0.95,2517.6,123.49,724.71,63.87,71.73,28.813
174.0,0.95,2516.1,124.05,727.72,64.19,71.83,28.796
175.0,0.95,2515.2,124.84,732.03,64.5,71.29,28.785
176.0,0.95,2513.1,125.4,735.02,64.69,71.53,28.762
177.0,0.95,2514.5,126.39,740.39,64.63,71.12,28.778
178.0,0.95,2514.8,126.73,742.26,65.33,71.61,28.78
179.0,0.95,2521.1,127.18,744.71,65.31,71.97,28.853
180.0,0.95,2524.8,127.77,747.9,65.62,71.55,28.895
181.0,0.95,2518.2,128.53,752.03,65.92,71.07,28.819
182.0,0.95,2518.7,128.83,753.65,66.35,71.65,28.825
183.0,0.95,2520.1,129.17,755.49,66.7,71.48,28.841
184.0,0.95,2525.4,129.44,756.92,66.9,71.21,28.901
185.0,0.95,2529.7,130.0,759.96,67.49,71.99,28.951
186.0,0.95,2532.3,130.25,761.33,67.74,71.91,28.98
187.0,0.95,2525.9,130.24,761.26,68.01,71.95,28.907
188.0,0.95,2519.2,131.2,766.5,68.41,71.58,28.831
189.0,0.95,2516.9,131.41,767.64,68.61,71.84,28.805
190.0,0.95,2513.5,131.76,769.51,68.92,71.16,28.766
191.0,0.95,2518.6,132.54,773.72,69.17,71.35,28.824
192.0,0.95,2522.2,133.02,776.35,69.32,71.5,28.865
193.0,0.95,2518.5,134.01,781.68,69.02,71.69,28.823
194.0,0.95,2515.6,134.36,783.61,69.18,71.21,28.789
195.0,0.95,2514.7,134.54,784.57,69.71,71.56,28.779
196.0,0.95,2520.7,134.94,786.75,69.99,71.39,28.849
197.0,0.95,2513.3,135.0,787.09,70.19,71.09,28.763
198.0,0.95,2518.8,135.31,788.76,70.28,71.99,28.826
199.0,0.95,2523.1,135.74,791.07,70.6,71.15,28.875
200.0,0.95,2526.1,135.97,792.34,70.75,71.57,28.91
201.0,0.95,2527.8,136.29,794.05,70.9,71.62,28.929
202.0,0.95,2529.4,136.36,794.44,71.01,71.85,28.947
203.0,0.95,2525.7,136.25,793.83,71.3,71.52,28.905
204.0,0.95,2521.7,136.18,793.47,71.38,71.26,28.86
205.0,0.95,2514.8,136.91,797.44,71.36,70.87,28.78
206.0,0.95,2515.0,137.51,800.66,71.29,70.7,28.783
207.0,0.95,2518.1,137.61,801.24,71.69,71.3,28.819
208.0,0.95,2520.2,138.13,804.02,71.99,71.6,28.842
209.0,0.95,2524.5,137.87,802.61,72.28,71.76,28.891
210.0,0.95,2523.3,138.26,804.75,72.42,71.4,28.877
211.0,0.95,2525.1,137.63,801.35,72.46,71.98,28.898
212.0,0.95,2528.5,137.86,802.57,72.62,71.8,28.937
213.0,0.95,2527.2,137.77,802.11,72.78,71.66,28.922
214.0,0.95,2524.8,137.8,802.25,72.64,72.1,28.895
215.0,0.95,2518.5,138.54,806.25,72.86,71.9,28.823
216.0,0.95,2516.1,139.02,808.88,72.92,71.55,28.795
217.0,0.95,2522.4,139.58,811.89,72.96,72.04,28.867
218.0,0.95,2523.5,139.79,813.02,73.18,71.6,28.88
219.0,0.95,2516.5,139.89,813.56,73.67,70.97,28.801
220.0,0.95,2519.4,140.4,816.31,73.62,71.52,28.834
221.0,0.95,2517.8,140.06,814.48,74.08,71.21,28.815
222.0,0.95,2523.0,140.66,817.77,74.25,72.43,28.874
223.0,0.95,2520.8,141.46,822.1,74.31,71.68,28.849
224.0,0.95,2521.4,141.89,824.43,74.47,71.47,28.856
225.0,0.95,2527.6,141.8,823.93,74.59,71.49,28.927
226.0,0.95,2529.5,142.07,825.41,74.44,71.03,28.948
227.0,0.95,2528.9,142.54,827.93,74.47,71.8,28.942
228.0,0.95,2533.5,142.7,828.81,74.49,72.69,28.994
229.0,0.95,2535.3,143.05,830.71,74.55,71.65,29.014
230.0,0.95,2528.4,142.86,829.65,74.97,71.31,28.936
231.0,0.95,2526.5,142.98,830.33,75.18,71.83,28.915
232.0,0.95,2527.0,143.26,831.84,75.77,71.94,28.92
233.0,0.95,2530.8,142.62,828.35,75.95,71.8,28.963
234.0,0.95,2527.5,142.97,830.25,75.96,71.33,28.926
235.0,0.95,2520.2,143.54,833.38,76.15,71.53,28.842
236.0,0.95,2523.6,143.29,832.02,76.04,71.46,28.881
237.0,0.95,2522.6,143.87,835.13,76.33,71.04,28.87
238.0,0.95,2528.8,144.03,836.03,76.69,72.14,28.941
239.0,0.95,2518.0,144.38,837.9,76.62,71.61,28.817
240.0,0.95,2528.2,144.57,838.94,76.62,71.4,28.933
241.0,0.95,2524.0,144.57,838.96,76.67,71.91,28.886
242.0,0.95,2515.6,144.37,837.84,77.13,70.83,28.79
243.0,0.95,2518.4,144.62,839.23,77.47,71.3,28.822
244.0,0.95,2523.9,144.33,837.64,77.68,71.57,28.885
245.0,0.95,2522.8,144.62,839.22,78.38,71.18,28.872
246.0,0.95,2527.0,144.77,840.01,78.34,70.94,28.92
247.0,0.95,2523.8,145.22,842.47,78.67,72.08,28.884
248.0,0.95,2528.7,144.92,840.86,78.72,72.08,28.939
249.0,0.95,2525.9,144.84,840.41,79.08,71.81,28.907
250.0,0.95,2526.8,145.17,842.17,78.89,72.12,28.917
251.0,0.95,2532.6,145.16,842.13,79.01,71.59,28.983
252.0,0.95,2531.6,145.58,844.42,79.2,72.02,28.973
253.0,0.95,2527.4,145.57,844.37,79.58,71.58,28.925
254.0,0.95,2523.6,145.49,843.95,79.52,71.49,28.881
255.0,0.95,2525.4,145.27,842.73,80.02,71.88,28.902
256.0,0.95,2520.5,144.97,841.11,80.12,71.23,28.846
257.0,0.95,2520.7,144.47,838.4,80.27,72.6,28.848
258.0,0.95,2519.6,144.51,838.62,80.25,71.67,28.836
259.0,0.95,2513.9,144.41,838.06,80.56,71.97,28.771
260.0,0.95,2518.3,144.61,839.17,80.66,71.4,28.821
261.0,0.95,2524.2,143.98,835.73,80.68,71.33,28.888
262.0,0.95,2522.8,144.4,838.02,81.04,71.94,28.872
263.0,0.95,2517.1,144.61,839.16,81.12,72.33,28.807
264.0,0.95,2520.9,144.66,839.45,81.27,72.03,28.851
265.0,0.95,2513.8,144.62,839.23,81.7,71.73,28.769
266.0,0.95,2514.3,144.44,838.22,81.39,71.5,28.775
267.0,0.95,2516.9,145.23,842.51,81.83,71.59,28.805
268.0,0.95,2516.8,145.26,842.7,81.91,71.6,28.803
269.0,0.95,2512.4,145.36,843.21,82.0,71.95,28.753
270.0,0.95,2517.6,145.96,846.49,82.25,71.2,28.812
271.0,0.95,2519.7,146.12,847.32,82.17,71.37,28.837
272.0,0.95,2520.1,146.24,847.97,82.32,71.73,28.842
273.0,0.95,2526.0,146.08,847.13,82.45,71.97,28.909
274.0,0.95,2523.8,146.96,851.91,82.85,71.46,28.883
275.0,0.95,2525.8,146.7,850.5,83.12,71.92,28.906
276.0,0.95,2517.0,146.91,851.63,83.3,71.54,28.806
277.0,0.95,2521.1,147.05,852.38,83.27,71.91,28.852
278.0,0.95,2518.2,147.17,853.05,83.6,71.42,28.82
279.0,0.95,2522.9,147.21,853.26,83.6,71.53,28.873
280.0,0.95,2518.8,147.23,853.38,83.46,71.71,28.826
281.0,0.95,2523.9,146.5,849.41,83.25,71.12,28.884
282.0,0.95,2523.4,146.3,848.34,83.26,71.76,28.878
283.0,0.95,2527.2,146.54,849.62,83.48,71.66,28.922
284.0,0.95,2531.7,146.55,849.69,83.74,71.59,28.974
285.0,0.95,2530.8,146.58,849.86,83.86,71.6,28.963
286.0,0.95,2524.4,146.54,849.63,83.83,71.36,28.891
287.0,0.95,2525.9,146.8,851.04,84.15,71.33,28.908
288.0,0.95,2521.6,146.68,850.38,84.03,71.87,28.859
289.0,0.95,2523.5,146.4,848.87,84.12,72.3,28.88
290.0,0.95,2520.3,146.42,848.99,84.22,71.44,28.843
291.0,0.95,2517.0,145.97,846.51,84.1,71.4,28.806
292.0,0.95,2515.6,145.93,846.33,83.76,71.4,28.79
293.0,0.95,2519.6,145.75,845.34,83.66,71.77,28.836
294.0,0.95,2520.4,145.92,846.27,83.93,72.04,28.845
295.0,0.95,2523.7,146.24,847.99,84.03,72.3,28.882
296.0,0.95,2521.6,146.23,847.93,84.15,71.32,28.858
297.0,0.95,2527.6,146.11,847.31,84.18,71.29,28.927
298.0,0.95,2520.4,146.35,848.58,84.47,72.12,28.845
299.0,0.95,2521.0,146.15,847.48,84.37,71.53,28.851
300.0,0.95,2517.3,146.41,848.9,84.29,70.93,28.809
301.0,0.95,2520.3,146.38,848.73,84.18,71.55,28.843
302.0,0.95,2527.0,145.99,846.65,83.98,72.27,28.919
303.0,0.95,2526.6,145.93,846.33,84.18,71.62,28.915
304.0,0.95,2529.4,145.9,846.13,84.34,71.2,28.948
305.0,0.95,2529.6,146.24,847.99,84.5,71.05,28.95
306.0,0.95,2528.3,146.65,850.24,84.57,71.85,28.935
307.0,0.95,2530.6,146.36,848.63,84.64,71.23,28.961
308.0,0.95,2529.0,146.33,848.5,84.3,71.83,28.943
309.0,0.95,2527.3,146.5,849.42,84.27,71.6,28.924
310.0,0.95,2525.1,146.38,848.75,84.43,71.98,28.898
311.0,0.95,2526.9,146.59,849.88,84.26,71.72,28.919
312.0,0.95,2520.4,146.57,849.79,84.74,71.2,28.845
313.0,0.95,2525.5,146.85,851.3,84.96,71.84,28.903
314.0,0.95,2516.2,146.55,849.66,85.23,70.94,28.797
315.0,0.95,2518.1,146.15,847.53,85.32,70.75,28.818
316.0,0.95,2522.2,146.48,849.31,85.26,71.85,28.865
317.0,0.95,2519.9,146.79,850.99,85.24,71.58,28.839
318.0,0.95,2522.1,146.97,851.97,85.14,71.48,28.865
319.0,0.95,2519.8,146.87,851.42,85.1,71.74,28.838
320.0,0.95,2518.9,146.88,851.48,85.0,72.42,28.827
321.0,0.95,2524.9,146.76,850.79,84.95,71.49,28.896
322.0,0.95,2526.9,146.97,851.96,84.97,71.93,28.919
323.0,0.95,2523.4,146.81,851.08,85.36,72.23,28.878
324.0,0.95,2519.9,146.81,851.1,85.21,71.92,28.839
325.0,0.95,2523.7,146.56,849.74,85.51,71.59,28.882
326.0,0.95,2520.3,146.89,851.52,85.78,70.96,28.843
327.0,0.95,2522.9,146.92,851.67,85.7,71.93,28.873
328.0,0.95,2523.4,146.66,850.27,85.85,71.92,28.878
329.0,0.95,2520.9,146.89,851.53,86.1,71.53,28.85
330.0,0.95,2524.5,146.43,849.02,86.27,71.37,28.891
331.0,0.95,2532.7,146.74,850.68,85.96,71.65,28.985
332.0,0.95,2521.6,146.64,850.18,86.07,72.07,28.859
333.0,0.95,2519.0,146.34,848.52,85.95,71.61,28.828
334.0,0.95,2518.6,146.9,851.57,85.82,71.39,28.824
335.0,0.95,2517.4,146.92,851.7,85.93,71.76,28.811
336.0,0.95,2524.5,147.23,853.36,85.69,71.89,28.892
337.0,0.95,2523.5,147.02,852.21,85.38,71.67,28.88
338.0,0.95,2525.3,147.06,852.46,85.32,71.96,28.9
339.0,0.95,2526.4,147.01,852.16,85.18,71.7,28.913
340.0,0.95,2530.6,147.01,852.17,85.03,71.54,28.961
341.0,0.95,2523.4,147.14,852.85,84.88,71.9,28.879
342.0,0.95,2522.0,147.03,852.25,84.97,72.06,28.863
343.0,0.95,2517.7,146.8,851.04,84.53,71.39,28.814
344.0,0.95,2510.5,147.01,852.19,84.38,71.65,28.732
345.0,0.95,2506.6,147.36,854.07,84.07,71.52,28.687
346.0,0.95,2508.5,147.2,853.22,83.97,71.52,28.709
347.0,0.95,2510.7,147.2,853.18,84.15,71.11,28.734
348.0,0.95,2520.6,147.07,852.5,84.32,71.95,28.847
349.0,0.95,2522.3,146.72,850.62,84.58,71.62,28.866
350.0,0.95,2521.9,146.6,849.95,84.82,71.27,28.862
351.0,0.95,2517.8,146.65,850.2,84.85,71.14,28.815
352.0,0.95,2514.7,147.03,852.28,84.6,71.36,28.78
353.0,0.95,2519.6,146.71,850.52,84.74,71.29,28.835
354.0,0.95,2527.6,145.84,845.84,84.72,71.36,28.927
355.0,0.95,2522.4,145.91,846.22,84.72,71.5,28.868
356.0,0.95,2522.7,145.53,844.15,84.95,71.36,28.871
357.0,0.95,2523.2,145.04,841.47,84.69,71.45,28.877
358.0,0.95,2520.6,145.04,841.51,84.58,71.36,28.847
359.0,0.95,2527.7,145.18,842.28,84.55,71.38,28.928
360.0,0.95,2534.6,145.53,844.14,84.95,72.11,29.006
361.0,0.95,2536.5,145.41,843.49,84.75,71.44,29.029
362.0,0.95,2539.0,145.11,841.89,84.77,71.84,29.057
363.0,0.95,2537.1,145.1,841.81,84.63,71.96,29.035
364.0,0.95,2526.7,145.36,843.2,84.99,71.86,28.916
365.0,0.95,2524.0,145.04,841.51,85.08,72.34,28.886
366.0,0.95,2522.9,145.16,842.17,85.16,71.76,28.874
367.0,0.95,2523.3,145.58,844.44,84.98,71.69,28.878
368.0,0.95,2528.4,145.94,846.35,85.07,72.41,28.936
369.0,0.95,2524.9,146.33,848.48,85.01,72.49,28.895
370.0,0.95,2534.9,146.44,849.09,84.97,71.4,29.01
371.0,0.95,2531.1,146.49,849.36,84.74,71.47,28.967
372.0,0.95,2530.6,146.49,849.34,84.48,72.49,28.96
373.0,0.95,2535.8,146.7,850.49,84.83,71.59,29.02
374.0,0.95,2535.6,146.91,851.64,84.58,71.95,29.018
375.0,0.95,2529.1,146.53,849.56,84.41,71.82,28.944
376.0,0.95,2526.6,146.04,846.93,84.27,71.77,28.916
377.0,0.95,2525.8,146.13,847.42,84.36,71.99,28.906
378.0,0.95,2516.3,146.28,848.22,84.62,71.06,28.798
379.0,0.95,2518.3,146.05,846.99,84.55,71.22,28.82
380.0,0.95,2518.1,146.19,847.72,84.59,71.59,28.818
381.0,0.95,2519.1,145.79,845.58,85.11,72.11,28.83
382.0,0.95,2521.9,145.77,845.44,85.16,71.55,28.862
383.0,0.95,2529.2,145.84,845.81,85.4,71.24,28.945
384.0,0.95,2534.1,146.06,847.04,85.53,72.01,29.001
385.0,0.95,2533.0,145.72,845.2,85.68,72.01,28.989
386.0,0.95,2526.9,145.45,843.72,85.7,71.68,28.918
387.0,0.95,2523.7,146.11,847.29,85.64,72.13,28.882
388.0,0.95,2527.1,146.07,847.05,85.54,72.09,28.921
389.0,0.95,2523.6,146.13,847.38,85.29,71.89,28.881
390.0,0.95,2522.0,146.57,849.8,85.32,71.15,28.863
391.0,0.95,2516.4,146.98,851.98,85.32,71.47,28.799
392.0,0.95,2523.0,146.24,848.0,85.33,72.35,28.874
393.0,0.95,2524.1,146.09,847.21,85.04,71.82,28.886
394.0,0.95,2528.0,146.44,849.1,84.97,71.4,28.932
395.0,0.95,2529.9,146.25,848.03,85.23,71.47,28.953
396.0,0.95,2530.0,146.16,847.58,85.09,72.34,28.954
397.0,0.95,2530.2,145.73,845.25,85.02,71.82,28.956
398.0,0.95,2532.3,145.96,846.47,84.87,72.0,28.98
399.0,0.95,2523.3,146.0,846.69,84.58,71.81,28.878
400.0,0.95,2520.0,146.26,848.1,84.47,71.11,28.84
401.0,0.95,2522.4,146.12,847.32,84.54,71.09,28.867
402.0,0.95,2534.6,146.33,848.51,84.8,71.69,29.006
403.0,0.95,2529.8,146.66,850.25,84.41,72.09,28.952
404.0,0.95,2528.9,147.26,853.54,84.46,72.11,28.941
405.0,0.95,2523.8,147.35,854.0,84.59,70.93,28.883
406.0,0.95,2525.4,147.42,854.38,84.64,72.33,28.901
407.0,0.95,2524.7,147.48,854.72,84.97,72.2,28.894
408.0,0.95,2524.0,147.4,854.27,85.33,71.62,28.886
409.0,0.95,2528.6,147.41,854.35,85.34,72.19,28.938
410.0,0.95,2532.1,147.6,855.37,85.42,71.34,28.977
411.0,0.95,2530.1,147.15,852.94,85.22,71.37,28.955
412.0,0.95,2520.4,146.97,851.97,85.27,71.91,28.844
413.0,0.95,2527.4,146.65,850.23,85.38,72.0,28.925
414.0,0.95,2530.7,146.84,851.24,85.19,71.22,28.962
415.0,0.95,2527.0,147.11,852.69,85.18,71.89,28.92
416.0,0.95,2527.6,147.57,855.18,85.32,71.35,28.927
417.0,0.95,2531.9,147.44,854.49,85.67,70.85,28.975
418.0,0.95,2524.2,147.12,852.74,86.11,71.74,28.888
419.0,0.95,2520.5,146.75,850.76,86.28,71.25,28.846
420.0,0.65,2404.8,146.4,848.85,86.3,69.31,18.87
421.0,0.65,2336.6,145.69,845.03,86.14,68.09,18.338
422.0,0.65,2284.5,144.7,839.64,85.71,67.42,17.931
423.0,0.65,2246.2,144.19,836.91,85.55,67.27,17.633
424.0,0.65,2221.9,143.64,833.92,85.4,65.4,17.443
425.0,0.65,2213.3,142.26,826.42,85.14,65.98,17.375
426.0,0.65,2210.8,141.86,824.24,84.8,66.13,17.357
427.0,0.65,2202.6,140.98,819.51,84.48,65.07,17.293
428.0,0.65,2200.9,139.97,814.02,84.39,65.05,17.279
429.0,0.65,2198.5,139.25,810.1,84.19,65.7,17.26
430.0,0.65,2191.0,138.46,805.85,84.26,65.66,17.202
431.0,0.65,2195.2,137.68,801.62,83.74,65.68,17.234
432.0,0.65,2193.8,136.93,797.52,83.79,65.37,17.224
433.0,0.65,2197.5,136.36,794.45,83.57,65.3,17.253
434.0,0.65,2193.1,135.63,790.49,83.34,66.15,17.218
435.0,0.65,2194.1,135.0,787.05,83.21,65.05,17.226
436.0,0.65,2185.2,134.5,784.35,83.11,64.82,17.157
437.0,0.65,2185.8,133.58,779.38,82.88,64.82,17.161
438.0,0.65,2184.8,133.02,776.32,82.6,64.7,17.154
439.0,0.65,2189.3,132.38,772.88,82.44,65.55,17.189
440.0,0.65,2194.4,131.25,766.73,82.04,65.33,17.228
441.0,0.65,2198.0,130.76,764.1,82.29,66.04,17.256
442.0,0.65,2195.6,130.15,760.81,81.79,65.5,17.238
443.0,0.65,2194.4,129.46,757.06,81.68,65.5,17.229
444.0,0.65,2189.8,128.71,752.96,81.49,65.48,17.192
445.0,0.65,2188.4,128.38,751.21,81.46,64.84,17.181
446.0,0.65,2186.6,127.52,746.53,81.49,65.17,17.168
447.0,0.65,2184.2,127.09,744.2,81.38,65.76,17.149
448.0,0.65,2186.5,126.99,743.63,81.19,65.44,17.167
449.0,0.65,2185.2,126.72,742.18,80.99,65.45,17.157
450.0,0.65,2191.5,126.33,740.09,80.61,64.93,17.206
451.0,0.65,2188.2,125.82,737.3,80.64,65.42,17.18
452.0,0.65,2187.2,125.85,737.47,79.92,65.9,17.172
453.0,0.65,2187.3,125.19,733.92,79.64,65.18,17.173
454.0,0.65,2193.8,124.55,730.42,79.21,65.2,17.224
455.0,0.65,2190.5,124.03,727.62,79.16,65.12,17.198
456.0,0.65,2187.9,123.31,723.7,78.77,65.72,17.178
457.0,0.65,2180.1,122.83,721.13,78.55,65.21,17.117
458.0,0.65,2181.4,122.75,720.66,78.68,65.28,17.127
459.0,0.65,2185.1,122.39,718.73,78.49,65.05,17.156
460.0,0.65,2184.5,122.31,718.3,78.49,65.09,17.151
461.0,0.65,2185.8,122.16,717.5,78.21,65.89,17.161
462.0,0.65,2186.4,121.88,715.97,78.28,65.44,17.166
463.0,0.65,2181.5,121.58,714.35,78.07,65.06,17.128
464.0,0.65,2181.8,120.75,709.84,77.9,65.57,17.13
465.0,0.65,2188.0,119.99,705.74,77.47,65.07,17.179
466.0,0.65,2186.2,119.85,704.94,76.95,66.29,17.164
467.0,0.65,2185.6,119.53,703.21,76.63,65.81,17.16
468.0,0.65,2179.4,118.99,700.32,76.6,65.6,17.111
469.0,0.65,2172.0,118.33,696.74,76.58,65.14,17.054
470.0,0.65,2180.9,117.61,692.84,76.42,65.08,17.123
471.0,0.65,2178.3,118.03,695.11,76.1,65.47,17.103
472.0,0.65,2178.4,117.27,690.96,75.53,66.39,17.104
473.0,0.65,2184.4,117.34,691.35,75.43,65.17,17.151
474.0,0.65,2188.5,116.87,688.83,75.54,65.34,17.182
475.0,0.65,2194.9,116.23,685.36,75.17,66.16,17.232
476.0,0.65,2194.2,115.86,683.33,74.99,65.91,17.227
477.0,0.65,2193.3,116.05,684.34,74.88,65.66,17.22
478.0,0.65,2193.8,115.8,683.0,74.35,65.64,17.224
479.0,0.65,2193.8,116.17,685.0,74.37,64.82,17.224
480.0,0.65,2185.7,116.08,684.53,74.3,65.77,17.16
481.0,0.65,2175.8,115.45,681.11,73.97,65.98,17.084
482.0,0.65,2178.4,115.96,683.86,73.8,65.41,17.104
483.0,0.65,2183.0,115.48,681.29,73.41,64.71,17.14
484.0,0.65,2181.2,114.73,677.2,73.09,64.72,17.126
485.0,0.65,2182.3,115.07,679.07,73.04,65.66,17.134
486.0,0.65,2182.7,115.51,681.45,72.91,65.21,17.137
487.0,0.65,2176.6,115.44,681.08,72.86,65.55,17.09
488.0,0.65,2182.6,115.63,682.1,72.52,64.93,17.136
489.0,0.65,2187.6,115.64,682.14,72.33,65.38,17.176
490.0,0.65,2186.1,115.75,682.72,72.4,65.18,17.164
491.0,0.65,2191.6,115.84,683.23,72.61,65.44,17.207
492.0,0.65,2185.2,115.32,680.39,72.44,65.31,17.157
493.0,0.65,2189.8,115.26,680.07,72.21,64.66,17.192
494.0,0.65,2191.7,115.07,679.03,72.09,66.06,17.207
495.0,0.65,2196.6,114.84,677.79,72.26,65.04,17.245
496.0,0.65,2190.0,114.62,676.61,72.14,65.47,17.194
497.0,0.65,2186.6,114.59,676.46,72.1,65.39,17.168
498.0,0.65,2186.1,113.98,673.15,72.19,64.58,17.164
499.0,0.65,2189.1,114.13,673.97,72.3,64.93,17.187
500.0,0.65,2191.1,113.75,671.87,72.27,65.49,17.203
501.0,0.65,2191.3,113.59,671.05,72.15,65.39,17.205
502.0,0.65,2187.4,114.12,673.91,71.95,65.37,17.174
503.0,0.65,2185.0,114.02,673.36,72.12,65.9,17.155
504.0,0.65,2179.3,113.85,672.42,71.97,64.55,17.111
505.0,0.65,2181.3,113.43,670.16,71.81,64.86,17.126
506.0,0.65,2186.3,113.69,671.56,71.77,65.72,17.165
507.0,0.65,2179.3,113.86,672.51,71.64,64.82,17.11
508.0,0.65,2183.7,113.44,670.23,71.87,65.31,17.145
509.0,0.65,2188.5,113.57,670.91,71.38,65.46,17.182
510.0,0.65,2191.7,113.3,669.43,71.41,65.74,17.207
511.0,0.65,2188.6,112.84,666.94,71.11,65.48,17.183
512.0,0.65,2181.3,112.49,665.07,71.16,64.99,17.126
513.0,0.65,2182.3,111.81,661.37,71.35,64.1,17.134
514.0,0.65,2179.8,111.94,662.07,71.2,64.77,17.114
515.0,0.65,2181.0,112.18,663.41,70.9,65.54,17.124
516.0,0.65,2187.4,111.98,662.31,70.72,65.24,17.174
517.0,0.65,2188.3,112.08,662.86,70.72,65.23,17.181
518.0,0.65,2185.0,112.28,663.94,70.67,64.5,17.155
519.0,0.65,2187.1,112.6,665.68,70.4,65.57,17.171
520.0,0.65,2185.9,112.43,664.74,69.91,64.76,17.162
521.0,0.65,2184.7,111.87,661.71,70.02,65.53,17.153
522.0,0.65,2185.9,112.24,663.69,69.98,65.62,17.162
523.0,0.65,2187.7,112.05,662.71,69.88,65.13,17.176
524.0,0.65,2184.5,112.35,664.32,69.52,65.04,17.152
525.0,0.65,2186.2,112.3,664.01,69.61,65.11,17.164
526.0,0.65,2180.8,112.59,665.62,69.59,65.06,17.123
527.0,0.65,2176.3,111.82,661.42,69.55,64.51,17.087
528.0,0.65,2183.9,111.71,660.86,69.66,66.34,17.147
529.0,0.65,2181.8,111.46,659.48,69.65,64.97,17.13
530.0,0.65,2180.1,110.86,656.21,69.33,65.45,17.117
531.0,0.65,2177.2,111.23,658.24,69.19,65.53,17.095
532.0,0.65,2185.1,111.11,657.57,69.32,65.18,17.156
533.0,0.65,2189.3,110.86,656.23,69.58,65.31,17.189
534.0,0.65,2184.8,110.38,653.61,69.66,65.25,17.153
535.0,0.65,2179.2,109.69,649.92,69.64,64.43,17.11
536.0,0.65,2185.5,110.32,653.3,69.65,65.17,17.159
537.0,0.65,2185.6,109.75,650.22,69.54,65.82,17.16
538.0,0.65,2183.5,109.88,650.93,69.48,65.29,17.143
539.0,0.65,2180.5,109.79,650.43,69.63,66.05,17.12
540.0,0.65,2177.1,109.6,649.4,69.52,65.34,17.093
541.0,0.65,2181.8,109.92,651.15,69.51,65.34,17.13
542.0,0.65,2182.9,110.0,651.55,69.27,65.18,17.139
543.0,0.65,2176.1,109.93,651.21,69.1,65.37,17.086
544.0,0.65,2174.4,109.94,651.22,68.92,64.97,17.072
545.0,0.65,2176.0,109.54,649.1,68.71,64.99,17.085
546.0,0.65,2174.2,109.41,648.4,68.4,65.23,17.071
547.0,0.65,2177.2,109.06,646.49,68.47,64.64,17.094
548.0,0.65,2171.7,108.8,645.08,68.77,64.62,17.052
549.0,0.65,2171.8,108.97,646.01,69.02,65.13,17.052
550.0,0.65,2177.8,108.5,643.43,69.08,64.94,17.099
551.0,0.65,2180.7,108.86,645.41,69.12,64.98,17.121
552.0,0.65,2178.9,109.03,646.33,68.92,65.17,17.108
553.0,0.65,2179.3,109.31,647.83,69.02,65.27,17.11
554.0,0.65,2179.6,109.16,647.02,68.9,65.57,17.113
555.0,0.65,2181.2,108.76,644.83,69.07,66.21,17.126
556.0,0.65,2183.4,109.03,646.29,69.07,66.13,17.143
557.0,0.65,2186.1,108.21,641.86,68.88,65.44,17.164
558.0,0.65,2184.3,108.17,641.65,68.75,65.24,17.149
559.0,0.65,2189.1,108.25,642.08,68.59,65.4,17.187
560.0,0.65,2193.2,108.44,643.1,68.26,65.49,17.219
561.0,0.65,2192.5,108.15,641.57,68.26,65.63,17.213
562.0,0.65,2185.9,108.24,642.04,67.96,65.02,17.162
563.0,0.65,2177.6,108.18,641.71,67.88,65.61,17.097
564.0,0.65,2178.7,107.91,640.27,67.56,65.42,17.106
565.0,0.65,2184.2,107.22,636.52,67.73,65.44,17.149
566.0,0.65,2187.0,107.04,635.51,67.53,65.58,17.171
567.0,0.65,2184.8,106.5,632.58,67.06,65.09,17.153
568.0,0.65,2185.4,106.31,631.59,66.83,64.91,17.158
569.0,0.65,2193.3,106.71,633.77,66.66,65.7,17.22
570.0,0.65,2184.3,106.29,631.48,66.66,66.38,17.149
571.0,0.65,2187.8,106.32,631.62,66.66,65.26,17.177
572.0,0.65,2190.8,106.96,635.11,66.56,65.53,17.201
573.0,0.65,2185.3,106.95,635.04,66.39,65.58,17.157
574.0,0.65,2184.8,107.34,637.16,65.98,64.89,17.153
575.0,0.65,2187.0,107.25,636.65,65.96,65.45,17.171
576.0,0.65,2184.4,107.35,637.2,66.0,64.96,17.15
577.0,0.65,2187.8,107.58,638.46,65.81,65.9,17.177
578.0,0.65,2184.5,107.47,637.86,65.66,65.75,17.151
579.0,0.65,2186.7,107.38,637.37,65.53,64.83,17.169
580.0,0.65,2185.9,107.35,637.22,65.7,64.46,17.162
581.0,0.65,2189.1,107.47,637.88,65.54,66.17,17.187
582.0,0.65,2190.8,107.25,636.69,65.58,65.45,17.2
583.0,0.65,2189.4,107.45,637.77,65.56,64.8,17.189
584.0,0.65,2193.2,107.17,636.23,65.5,65.43,17.219
585.0,0.65,2188.6,107.01,635.35,65.56,65.34,17.183
586.0,0.65,2186.9,106.69,633.61,65.47,65.21,17.17
587.0,0.65,2191.9,106.71,633.72,65.48,65.88,17.209
588.0,0.65,2188.5,107.09,635.81,65.63,65.43,17.183
589.0,0.65,2192.7,107.32,637.06,65.75,66.11,17.215
590.0,0.65,2197.7,107.38,637.35,66.07,64.79,17.255
591.0,0.65,2192.9,107.14,636.06,66.15,65.21,17.217
592.0,0.65,2183.3,107.06,635.64,66.07,65.8,17.142
593.0,0.65,2181.4,106.58,633.02,66.1,65.39,17.127
594.0,0.65,2173.9,106.68,633.59,65.99,64.7,17.068
595.0,0.65,2177.5,106.69,633.64,65.72,65.18,17.097
596.0,0.65,2177.6,107.19,636.35,65.69,65.03,17.098
597.0,0.65,2176.0,107.59,638.49,65.4,65.37,17.085
598.0,0.65,2180.6,107.57,638.41,65.58,65.19,17.121
599.0,0.65,2182.7,107.5,638.02,65.31,65.48,17.137
600.0,0.65,2179.0,107.77,639.47,65.45,65.45,17.108
601.0,0.65,2180.4,107.84,639.85,65.59,65.0,17.119
602.0,0.65,2181.2,107.3,636.93,65.85,66.05,17.126
603.0,0.65,2187.4,107.03,635.45,65.8,66.33,17.174
604.0,0.65,2187.4,106.97,635.17,66.05,65.77,17.174
605.0,0.65,2182.9,106.89,634.7,65.82,65.62,17.139
606.0,0.65,2181.3,106.8,634.24,65.68,65.38,17.126
607.0,0.65,2188.5,106.85,634.51,65.37,65.61,17.182
608.0,0.65,2184.8,106.61,633.19,65.27,65.63,17.153
609.0,0.65,2183.5,106.54,632.84,65.11,65.8,17.143
610.0,0.65,2184.5,106.01,629.96,65.63,65.17,17.151
611.0,0.65,2178.1,106.35,631.81,65.63,64.72,17.101
612.0,0.65,2179.0,106.03,630.04,65.8,65.34,17.108
613.0,0.65,2174.2,106.06,630.23,65.84,64.09,17.071
614.0,0.65,2175.0,106.72,633.78,65.79,65.49,17.077
615.0,0.65,2183.6,106.8,634.23,65.99,65.21,17.144
616.0,0.65,2182.7,106.57,632.98,65.79,65.03,17.137
617.0,0.65,2181.8,106.47,632.44,66.09,64.58,17.13
618.0,0.65,2181.2,106.31,631.55,65.82,65.04,17.125
619.0,0.65,2179.6,105.54,627.39,66.16,64.82,17.113
620.0,0.65,2182.6,105.31,626.17,66.19,65.28,17.136
621.0,0.65,2182.0,105.59,627.69,66.09,65.99,17.131
622.0,0.65,2183.2,104.91,623.99,66.04,65.17,17.141
623.0,0.65,2183.7,105.08,624.92,65.81,63.92,17.145
624.0,0.65,2181.1,105.06,624.78,66.16,65.21,17.125
625.0,0.65,2184.8,105.46,626.95,66.28,65.68,17.153
626.0,0.65,2186.7,105.76,628.6,66.36,66.1,17.168
627.0,0.65,2189.9,106.29,631.47,66.48,65.54,17.193
628.0,0.65,2190.6,105.89,629.27,66.33,65.47,17.199
629.0,0.65,2183.2,106.49,632.52,66.7,65.24,17.141
630.0,0.65,2178.1,106.67,633.53,66.59,65.42,17.101
631.0,0.65,2186.8,106.63,633.31,66.48,65.78,17.169
632.0,0.65,2180.2,106.81,634.3,66.67,65.18,17.118
633.0,0.65,2178.5,106.93,634.95,66.43,65.14,17.104
634.0,0.65,2180.3,107.22,636.5,66.64,65.8,17.118
635.0,0.65,2181.1,106.61,633.22,66.79,65.58,17.124
636.0,0.65,2187.3,107.07,635.69,66.54,65.57,17.173
637.0,0.65,2187.9,107.21,636.44,66.4,65.73,17.178
638.0,0.65,2185.3,107.12,635.94,66.13,65.01,17.158
639.0,0.65,2186.2,106.98,635.22,65.86,65.09,17.164
640.0,0.65,2185.6,106.92,634.88,66.12,65.48,17.16
641.0,0.65,2189.2,107.02,635.44,66.25,65.21,17.188
642.0,0.65,2196.4,107.17,636.21,66.15,65.56,17.244
643.0,0.65,2188.5,107.45,637.76,66.42,65.96,17.183
644.0,0.65,2183.5,107.15,636.15,66.51,65.32,17.144
645.0,0.65,2177.2,107.14,636.07,66.51,65.13,17.094
646.0,0.65,2181.6,107.29,636.86,66.3,65.18,17.128
647.0,0.65,2178.9,107.66,638.87,66.33,65.55,17.107
648.0,0.65,2181.3,107.56,638.34,65.97,65.1,17.126
649.0,0.65,2179.5,107.35,637.22,66.03,64.52,17.112
650.0,0.65,2178.0,107.05,635.58,65.87,65.29,17.101
651.0,0.65,2177.9,106.86,634.53,65.98,65.1,17.1
652.0,0.65,2178.4,106.89,634.69,66.06,65.65,17.104
653.0,0.65,2183.0,106.7,633.69,66.33,65.7,17.139
654.0,0.65,2184.6,106.76,634.02,66.33,65.86,17.152
655.0,0.65,2187.1,106.61,633.18,66.18,65.09,17.171
656.0,0.65,2186.4,106.6,633.14,66.02,65.27,17.166
657.0,0.65,2187.8,106.43,632.2,66.4,65.81,17.177
658.0,0.65,2189.0,106.68,633.6,66.37,65.89,17.186
659.0,0.65,2181.1,107.14,636.09,66.33,65.28,17.125
660.0,0.65,2186.9,107.14,636.08,66.19,65.12,17.17
661.0,0.65,2180.9,107.02,635.44,66.03,65.66,17.123
662.0,0.65,2190.0,106.77,634.08,66.21,65.74,17.194
663.0,0.65,2193.2,106.77,634.09,65.95,65.78,17.219
664.0,0.65,2189.7,106.9,634.76,66.06,64.9,17.192
665.0,0.65,2181.9,106.62,633.28,66.1,65.22,17.131
666.0,0.65,2180.5,106.08,630.33,66.34,65.48,17.12
667.0,0.65,2177.2,106.31,631.58,66.55,65.24,17.095
668.0,0.65,2180.3,106.8,634.23,66.33,65.74,17.118
669.0,0.65,2179.9,106.79,634.18,66.34,65.23,17.115
670.0,0.65,2184.6,106.66,633.47,66.32,64.61,17.152
671.0,0.65,2181.1,107.01,635.36,66.33,65.21,17.124
672.0,0.65,2177.0,107.25,636.68,66.15,64.54,17.092
673.0,0.65,2180.8,107.24,636.61,65.94,65.1,17.123
674.0,0.65,2175.6,106.82,634.33,66.22,65.47,17.082
675.0,0.65,2177.0,106.6,633.17,66.17,66.07,17.093
676.0,0.65,2175.8,106.89,634.71,66.03,65.3,17.084
677.0,0.65,2174.8,106.71,633.72,65.81,64.94,17.075
678.0,0.65,2183.8,106.76,634.0,66.1,65.59,17.146
679.0,0.65,2194.2,106.25,631.26,66.21,65.41,17.227
680.0,0.65,2191.3,106.16,630.74,66.15,64.64,17.205
681.0,0.65,2188.2,105.72,628.37,66.29,64.63,17.18
682.0,0.65,2184.8,105.84,629.03,66.57,65.81,17.154
683.0,0.65,2185.2,105.88,629.25,66.48,64.94,17.156
684.0,0.65,2185.4,106.29,631.45,66.57,65.63,17.159
685.0,0.65,2188.7,105.83,628.98,66.38,65.02,17.184
686.0,0.65,2186.5,105.65,627.99,66.26,65.1,17.167
687.0,0.65,2191.7,106.01,629.92,66.03,65.35,17.207
688.0,0.65,2188.0,106.06,630.22,65.77,65.64,17.179
689.0,0.65,2186.7,105.86,629.13,65.74,66.04,17.169
690.0,0.65,2185.1,105.96,629.68,65.89,64.84,17.156
691.0,0.65,2182.8,106.15,630.73,65.9,64.8,17.138
692.0,0.65,2174.2,106.72,633.8,65.9,65.01,17.071
693.0,0.65,2179.9,106.42,632.18,66.11,65.28,17.115
694.0,0.65,2187.9,106.46,632.36,66.09,65.39,17.178
695.0,0.65,2186.0,106.9,634.75,66.11,65.69,17.163
696.0,0.65,2184.5,106.95,635.03,65.93,64.62,17.151
697.0,0.65,2181.2,106.9,634.79,66.13,64.76,17.126
698.0,0.65,2182.9,107.03,635.48,66.27,64.91,17.138
699.0,0.65,2181.8,107.15,636.11,66.26,65.86,17.13
700.0,0.65,2182.8,106.86,634.54,66.24,65.24,17.138
701.0,0.65,2184.5,106.86,634.53,66.3,64.87,17.151
702.0,0.65,2185.4,106.42,632.18,66.57,64.8,17.158
703.0,0.65,2184.3,106.46,632.37,66.62,64.91,17.15
704.0,0.65,2187.7,106.49,632.56,66.55,65.42,17.176
705.0,0.65,2183.6,106.48,632.5,66.53,65.48,17.145
706.0,0.65,2180.2,105.88,629.25,66.35,64.91,17.118
707.0,0.65,2181.3,106.05,630.15,66.37,65.4,17.126
708.0,0.65,2185.5,105.78,628.68,66.37,66.23,17.159
709.0,0.65,2179.2,106.12,630.56,66.4,65.19,17.11
710.0,0.65,2184.1,106.15,630.73,66.51,65.63,17.148
711.0,0.65,2176.0,106.92,634.86,66.81,65.37,17.085
712.0,0.65,2181.5,106.91,634.8,66.63,65.62,17.128
713.0,0.65,2181.1,106.88,634.68,66.62,64.78,17.125
714.0,0.65,2180.6,107.17,636.25,66.51,65.48,17.121
715.0,0.65,2185.0,106.8,634.24,66.2,65.89,17.155
716.0,0.65,2183.0,106.88,634.66,66.23,66.29,17.139
717.0,0.65,2179.0,106.71,633.74,66.33,65.19,17.108
718.0,0.65,2182.6,106.76,634.01,66.17,64.88,17.136
719.0,0.65,2180.7,106.32,631.64,66.23,64.78,17.121
720.0,0.65,2179.1,106.33,631.66,66.35,65.08,17.109
721.0,0.65,2175.7,106.36,631.82,66.08,64.75,17.083
722.0,0.65,2181.3,106.66,633.47,66.68,65.5,17.126
723.0,0.65,2181.5,106.52,632.69,66.73,65.51,17.128
724.0,0.65,2180.1,106.52,632.69,66.54,65.24,17.117
725.0,0.65,2180.7,106.46,632.38,66.62,65.3,17.122
726.0,0.65,2180.9,106.99,635.27,66.69,65.52,17.123
727.0,0.65,2183.3,107.01,635.35,66.87,65.14,17.142
728.0,0.65,2187.7,107.12,635.95,66.99,65.6,17.176
729.0,0.65,2185.9,107.33,637.13,66.73,65.64,17.162
730.0,0.65,2183.2,107.48,637.91,66.83,65.74,17.141
731.0,0.65,2181.7,107.56,638.35,66.66,64.58,17.129
732.0,0.65,2185.5,107.72,639.24,66.6,66.2,17.159
733.0,0.65,2189.1,107.75,639.36,66.75,65.21,17.187
734.0,0.65,2190.3,107.54,638.22,66.74,65.5,17.196
735.0,0.65,2193.6,107.41,637.54,66.83,65.62,17.222
736.0,0.65,2187.9,107.59,638.52,66.77,65.69,17.178
737.0,0.65,2181.5,107.11,635.93,66.61,64.59,17.128
738.0,0.65,2175.5,106.73,633.87,66.49,65.24,17.081
739.0,0.65,2176.1,106.34,631.76,66.64,65.12,17.086
740.0,0.65,2177.3,105.93,629.54,66.56,65.05,17.095
741.0,0.65,2178.9,106.08,630.32,66.54,65.31,17.108
742.0,0.65,2175.3,106.26,631.3,66.57,65.02,17.079
743.0,0.65,2176.6,106.32,631.62,66.46,65.74,17.089
744.0,0.65,2182.5,106.16,630.79,66.6,65.6,17.135
745.0,0.65,2188.3,106.02,630.01,65.9,65.36,17.18
746.0,0.65,2181.6,105.98,629.8,65.66,65.37,17.128
747.0,0.65,2185.2,105.74,628.49,65.66,65.39,17.157
748.0,0.65,2182.1,105.25,625.83,65.74,65.35,17.133
749.0,0.65,2178.4,104.9,623.94,65.71,65.36,17.103
750.0,0.65,2178.9,105.03,624.65,65.57,65.51,17.107
751.0,0.65,2182.7,104.99,624.42,65.77,65.34,17.137
752.0,0.65,2173.8,104.97,624.32,65.7,64.77,17.068
753.0,0.65,2182.3,104.67,622.68,65.31,65.02,17.134
754.0,0.65,2185.3,104.69,622.79,65.44,65.17,17.157
755.0,0.65,2188.2,104.69,622.77,65.5,65.73,17.18
756.0,0.65,2183.9,104.79,623.34,65.59,65.25,17.146
757.0,0.65,2185.5,104.57,622.17,65.77,65.42,17.159
758.0,0.65,2188.0,104.77,623.25,65.91,65.46,17.179
759.0,0.65,2184.7,104.57,622.16,65.97,65.39,17.153
760.0,0.65,2188.2,104.37,621.08,65.75,65.37,17.18
761.0,0.65,2187.8,104.43,621.37,65.84,65.25,17.177
762.0,0.65,2189.2,104.19,620.07,65.71,65.1,17.188
763.0,0.65,2183.5,103.82,618.08,65.44,64.77,17.144
764.0,0.65,2183.7,103.76,617.77,65.08,65.24,17.145
765.0,0.65,2182.6,104.25,620.43,65.0,65.34,17.136
766.0,0.65,2186.8,104.58,622.2,64.89,64.88,17.169
767.0,0.65,2179.2,105.4,626.66,64.85,64.71,17.11
768.0,0.65,2176.1,105.11,625.06,64.25,65.33,17.086
769.0,0.65,2181.5,104.71,622.91,64.0,65.19,17.128
770.0,0.65,2188.7,104.81,623.45,64.01,66.44,17.184
771.0,0.65,2186.6,105.07,624.87,63.89,65.56,17.168
772.0,0.65,2189.7,105.19,625.48,63.83,65.21,17.192
773.0,0.65,2188.4,105.38,626.54,63.84,64.96,17.182
774.0,0.65,2188.1,105.48,627.07,63.86,65.13,17.179
775.0,0.65,2189.6,105.93,629.51,63.74,64.68,17.191
776.0,0.65,2182.5,105.94,629.59,63.66,66.18,17.136
777.0,0.65,2183.0,106.19,630.93,63.68,65.61,17.139
778.0,0.65,2183.8,106.78,634.13,63.58,65.0,17.146
779.0,0.65,2185.8,106.6,633.12,63.57,65.74,17.161
780.0,0.65,2179.4,106.71,633.72,63.49,65.21,17.112
781.0,0.65,2177.6,107.1,635.83,63.81,65.27,17.098
782.0,0.65,2182.2,106.51,632.64,63.86,64.85,17.133
783.0,0.65,2189.4,106.59,633.1,63.91,65.3,17.189
784.0,0.65,2179.1,106.68,633.58,63.61,64.87,17.109
785.0,0.65,2177.4,106.33,631.7,63.55,65.78,17.096
786.0,0.65,2177.1,106.45,632.33,63.2,65.14,17.093
787.0,0.65,2189.1,106.56,632.95,63.09,65.29,17.187
788.0,0.65,2193.3,106.61,633.2,63.51,65.06,17.22
789.0,0.65,2188.9,106.72,633.79,63.61,65.64,17.186
790.0,0.65,2184.7,106.58,633.04,63.7,65.39,17.152
791.0,0.65,2184.7,106.6,633.14,63.54,64.91,17.152
792.0,0.65,2182.2,106.86,634.53,63.31,65.52,17.133
793.0,0.65,2185.3,106.44,632.27,63.53,65.02,17.157
794.0,0.65,2189.6,106.55,632.88,63.57,64.79,17.191
795.0,0.65,2185.8,106.84,634.46,63.49,65.47,17.161
796.0,0.65,2185.6,106.54,632.82,63.4,65.38,17.16
797.0,0.65,2178.7,107.14,636.06,63.29,64.87,17.106
798.0,0.65,2185.5,106.63,633.33,63.63,65.82,17.159
799.0,0.65,2185.1,106.63,633.32,63.47,65.14,17.156
800.0,0.65,2177.6,106.14,630.66,63.83,65.29,17.098
801.0,0.65,2174.2,105.79,628.73,63.88,65.86,17.071
802.0,0.65,2176.1,105.34,626.31,63.95,64.26,17.085
803.0,0.65,2172.0,105.44,626.87,63.84,64.95,17.054
804.0,0.65,2168.5,105.04,624.67,64.04,64.89,17.026
805.0,0.65,2172.7,105.37,626.47,64.2,65.16,17.059
806.0,0.65,2181.4,105.12,625.12,64.26,65.48,17.127
807.0,0.65,2180.8,105.14,625.22,64.27,65.65,17.122
808.0,0.65,2179.4,105.35,626.37,64.17,65.75,17.111
809.0,0.65,2187.5,105.08,624.9,63.96,64.76,17.175
810.0,0.65,2186.6,105.35,626.39,63.71,65.79,17.168
811.0,0.65,2183.8,105.41,626.67,63.85,65.02,17.146
812.0,0.65,2177.3,105.38,626.51,63.99,65.02,17.095
813.0,0.65,2183.5,104.6,622.29,63.96,66.22,17.143
814.0,0.65,2181.3,104.41,621.28,64.19,65.27,17.126
815.0,0.65,2180.6,104.27,620.52,63.89,65.3,17.121
816.0,0.65,2172.3,104.4,621.22,63.72,65.3,17.056
817.0,0.65,2175.0,104.34,620.88,63.75,65.99,17.077
818.0,0.65,2180.3,104.3,620.67,63.61,65.55,17.118
819.0,0.65,2175.2,104.57,622.12,63.59,65.81,17.079
820.0,0.65,2170.6,104.15,619.84,63.6,65.38,17.042
821.0,0.65,2170.7,104.3,620.66,63.64,65.2,17.043
822.0,0.65,2178.5,104.12,619.71,63.68,64.69,17.104
823.0,0.65,2186.2,103.85,618.25,63.56,65.62,17.165
824.0,0.65,2182.1,103.42,615.91,63.46,64.72,17.133
825.0,0.65,2186.0,103.94,618.74,63.9,65.86,17.163
826.0,0.65,2185.8,104.11,619.68,63.82,65.02,17.162
827.0,0.65,2188.5,104.34,620.89,64.27,65.35,17.182
828.0,0.65,2182.8,104.35,620.94,64.27,65.36,17.138
829.0,0.65,2180.9,104.47,621.58,64.39,64.84,17.123
830.0,0.65,2181.9,105.0,624.45,64.48,64.67,17.131
831.0,0.65,2180.5,105.12,625.15,64.38,65.56,17.12
832.0,0.65,2177.9,104.84,623.59,64.46,65.68,17.1
833.0,0.65,2178.4,104.74,623.05,64.53,65.33,17.104
834.0,0.65,2181.9,105.02,624.57,64.57,64.54,17.131
835.0,0.65,2185.1,104.99,624.4,64.54,65.09,17.156
836.0,0.65,2182.0,105.02,624.59,64.25,65.07,17.132
837.0,0.65,2178.7,104.65,622.6,63.97,66.0,17.106
838.0,0.65,2178.8,104.87,623.79,63.6,65.58,17.107
839.0,0.65,2184.6,104.87,623.76,63.83,65.29,17.152
840.0,0.65,2186.5,104.4,621.23,63.86,65.31,17.167
841.0,0.65,2185.8,104.61,622.36,63.98,65.12,17.162
842.0,0.65,2181.7,104.76,623.19,64.01,65.75,17.129
843.0,0.65,2180.2,104.63,622.48,64.1,65.66,17.118
844.0,0.65,2184.3,104.79,623.31,64.06,65.44,17.15
845.0,0.65,2185.4,105.0,624.48,64.13,65.19,17.158
846.0,0.65,2181.0,105.24,625.76,63.89,64.66,17.124
847.0,0.65,2177.8,105.42,626.75,63.99,65.09,17.099
848.0,0.65,2178.6,105.41,626.71,63.97,65.01,17.105
849.0,0.65,2181.6,105.66,628.03,64.05,64.3,17.129
850.0,0.65,2178.1,105.6,627.73,64.36,65.08,17.101
851.0,0.65,2182.8,105.85,629.06,64.52,65.13,17.138
852.0,0.65,2184.5,105.96,629.65,64.8,65.74,17.151
853.0,0.65,2186.9,105.57,627.56,64.86,65.44,17.17
854.0,0.65,2179.3,105.48,627.07,64.67,65.47,17.11
855.0,0.65,2180.2,105.6,627.74,64.66,65.31,17.118
856.0,0.65,2186.2,105.25,625.83,64.63,65.27,17.165
857.0,0.65,2187.1,105.55,627.45,64.29,65.85,17.172
858.0,0.65,2185.9,105.73,628.43,64.02,65.07,17.162
859.0,0.65,2181.1,105.72,628.38,64.14,65.26,17.125
860.0,0.65,2182.2,105.77,628.64,64.21,65.19,17.133
861.0,0.65,2184.6,106.11,630.51,64.14,64.95,17.152
862.0,0.65,2183.6,106.58,633.01,64.1,65.03,17.144
863.0,0.65,2183.5,106.23,631.12,64.07,65.76,17.144
864.0,0.65,2184.0,106.35,631.78,64.0,65.18,17.147
865.0,0.65,2180.5,106.49,632.53,64.18,64.86,17.12
866.0,0.65,2183.1,106.32,631.6,64.57,65.4,17.14
867.0,0.65,2181.2,106.05,630.18,64.7,65.2,17.126
868.0,0.65,2182.5,105.77,628.67,64.93,65.76,17.136
869.0,0.65,2184.9,105.99,629.83,64.72,65.31,17.155
870.0,0.65,2187.7,106.44,632.3,64.58,64.85,17.176
871.0,0.65,2189.4,106.82,634.32,64.71,65.43,17.19
872.0,0.65,2194.5,107.1,635.86,64.59,65.89,17.229
873.0,0.65,2197.9,107.03,635.46,64.9,65.63,17.256
874.0,0.65,2193.1,106.59,633.11,65.16,64.89,17.218
875.0,0.65,2194.0,107.29,636.87,65.35,65.87,17.225
876.0,0.65,2191.6,107.19,636.36,65.53,65.44,17.207
877.0,0.65,2194.1,107.37,637.31,65.65,65.45,17.226
878.0,0.65,2193.3,107.18,636.29,65.2,66.12,17.22
879.0,0.65,2196.7,107.54,638.24,65.23,65.6,17.246
880.0,0.65,2193.4,107.53,638.17,65.24,65.82,17.22
881.0,0.65,2195.9,107.39,637.44,65.34,65.59,17.24
882.0,0.65,2184.1,107.62,638.67,65.31,64.91,17.148
883.0,0.65,2184.9,107.56,638.32,65.48,65.42,17.155
884.0,0.65,2185.4,107.81,639.68,65.84,65.46,17.158
885.0,0.65,2183.3,107.83,639.81,66.07,66.07,17.142
886.0,0.65,2179.6,107.79,639.6,66.24,65.41,17.113
887.0,0.65,2179.5,107.95,640.46,66.13,65.74,17.112
888.0,0.65,2177.7,107.97,640.55,65.91,64.46,17.098
889.0,0.65,2178.6,107.59,638.52,66.08,64.97,17.106
890.0,0.65,2184.0,107.29,636.88,66.12,65.46,17.147
891.0,0.65,2180.5,107.06,635.65,66.16,64.69,17.12
892.0,0.65,2185.1,106.79,634.15,65.93,66.23,17.156
893.0,0.65,2181.6,107.41,637.55,66.36,65.52,17.128
894.0,0.65,2182.3,107.35,637.23,66.61,64.91,17.134
895.0,0.65,2181.9,107.37,637.32,66.73,65.4,17.131
896.0,0.65,2185.7,107.25,636.67,66.89,65.06,17.161
897.0,0.65,2188.4,107.0,635.32,67.11,64.9,17.182
898.0,0.65,2186.2,106.99,635.25,67.37,65.31,17.164
899.0,0.65,2192.3,107.02,635.44,67.4,65.21,17.212
900.0,0.65,2187.3,107.23,636.58,67.31,65.63,17.173
901.0,0.65,2193.3,107.11,635.92,67.38,65.62,17.22
902.0,0.65,2191.3,107.14,636.08,67.18,65.64,17.204
903.0,0.65,2188.1,106.93,634.93,67.37,65.47,17.179
904.0,0.65,2185.1,106.79,634.16,67.42,65.11,17.156
905.0,0.65,2182.3,106.76,634.03,67.76,64.79,17.134
906.0,0.65,2176.8,107.09,635.83,67.65,65.74,17.091
907.0,0.65,2176.7,107.46,637.83,67.56,65.14,17.091
908.0,0.65,2184.8,107.39,637.41,67.77,65.19,17.154
909.0,0.65,2183.6,106.85,634.5,67.17,66.33,17.144
910.0,0.65,2182.6,106.53,632.77,67.28,65.32,17.137
911.0,0.65,2181.5,106.53,632.78,66.82,65.79,17.128
912.0,0.65,2191.8,106.76,634.02,66.63,65.7,17.208
913.0,0.65,2188.2,106.44,632.28,66.62,64.7,17.18
914.0,0.65,2192.2,106.77,634.05,66.5,65.12,17.211
915.0,0.65,2189.8,106.91,634.8,66.12,65.26,17.192
916.0,0.65,2189.7,106.81,634.26,66.38,65.76,17.192
917.0,0.65,2186.5,107.03,635.49,66.52,65.04,17.167
918.0,0.65,2185.8,107.03,635.45,66.43,65.76,17.162
919.0,0.65,2178.4,106.81,634.29,66.52,65.24,17.103
920.0,0.65,2181.1,106.76,633.99,66.83,65.58,17.125
921.0,0.65,2184.5,106.6,633.12,66.82,65.46,17.152
922.0,0.65,2180.5,106.69,633.64,66.92,65.86,17.12
923.0,0.65,2179.2,106.23,631.14,67.01,65.47,17.11
924.0,0.65,2177.4,107.07,635.72,66.98,65.96,17.096
925.0,0.65,2186.3,106.81,634.28,67.14,64.86,17.165
926.0,0.65,2187.7,107.2,636.38,67.13,65.9,17.177
927.0,0.65,2187.1,106.89,634.71,67.02,65.04,17.171
928.0,0.65,2180.9,106.93,634.94,67.03,64.93,17.123
929.0,0.65,2187.8,106.43,632.22,67.07,65.43,17.177
930.0,0.65,2192.8,106.25,631.27,67.22,65.54,17.216
931.0,0.65,2198.2,106.26,631.33,67.19,66.12,17.258
932.0,0.65,2194.5,106.41,632.1,67.15,64.82,17.229
933.0,0.65,2191.1,106.22,631.08,67.65,64.95,17.202
934.0,0.65,2189.7,106.48,632.52,67.34,64.71,17.192
935.0,0.65,2185.3,106.57,632.98,67.27,65.19,17.157
936.0,0.65,2186.3,106.63,633.31,67.31,65.65,17.165
937.0,0.65,2182.1,106.88,634.66,67.38,64.76,17.133
938.0,0.65,2182.0,106.6,633.15,67.43,65.47,17.132
939.0,0.65,2183.1,106.74,633.91,67.4,65.3,17.141
940.0,0.65,2188.1,107.0,635.3,67.36,64.73,17.179
941.0,0.65,2183.4,107.32,637.07,67.31,65.16,17.143
942.0,0.65,2177.6,107.82,639.74,67.31,64.52,17.098
943.0,0.65,2173.6,107.61,638.64,67.53,64.48,17.066
944.0,0.65,2171.5,107.28,636.85,67.52,64.88,17.05
945.0,0.65,2179.9,107.22,636.51,67.42,65.37,17.115
946.0,0.65,2181.1,106.54,632.82,67.26,65.22,17.125
947.0,0.65,2185.5,106.93,634.95,67.28,65.48,17.159
948.0,0.65,2186.4,106.66,633.46,67.21,64.92,17.166
949.0,0.65,2196.2,107.06,635.64,67.61,66.14,17.242
950.0,0.65,2193.0,106.86,634.55,67.21,65.8,17.218
951.0,0.65,2194.1,106.65,633.41,67.04,65.03,17.226
952.0,0.65,2190.9,106.78,634.13,67.22,65.31,17.201
953.0,0.65,2189.5,106.54,632.84,66.99,65.5,17.19
954.0,0.65,2188.0,106.5,632.6,66.57,66.18,17.178
955.0,0.65,2179.9,106.32,631.65,66.66,65.17,17.115
956.0,0.65,2185.2,105.49,627.15,66.61,65.06,17.157
957.0,0.65,2183.4,105.36,626.41,66.52,65.44,17.142
958.0,0.65,2187.8,105.09,624.99,66.32,65.18,17.177
959.0,0.65,2180.1,105.2,625.55,66.34,65.52,17.117
960.0,0.65,2181.9,105.15,625.29,66.45,65.43,17.131
961.0,0.65,2186.4,104.67,622.66,66.7,65.47,17.166
962.0,0.65,2185.7,104.19,620.11,66.87,65.58,17.161
963.0,0.65,2189.7,104.08,619.5,66.81,65.28,17.192
964.0,0.65,2186.2,104.07,619.41,67.03,64.98,17.165
965.0,0.65,2189.6,104.38,621.12,67.22,65.66,17.191
966.0,0.65,2186.9,104.84,623.59,67.41,65.24,17.17
967.0,0.65,2178.4,104.76,623.15,67.4,64.73,17.104
968.0,0.65,2176.4,104.75,623.14,67.41,66.02,17.088
969.0,0.65,2178.3,104.79,623.32,67.28,64.94,17.103
970.0,0.65,2176.0,104.9,623.91,67.64,65.06,17.085
971.0,0.65,2174.2,104.93,624.12,67.62,64.94,17.071
972.0,0.65,2172.9,105.58,627.61,67.38,65.16,17.061
973.0,0.65,2181.4,106.28,631.43,67.51,64.94,17.127
974.0,0.65,2182.9,105.9,629.37,67.57,64.64,17.138
975.0,0.65,2188.5,106.04,630.13,67.44,65.97,17.182
976.0,0.65,2176.1,106.01,629.95,67.29,65.23,17.085
977.0,0.65,2184.7,105.83,628.95,67.23,65.53,17.152
978.0,0.65,2185.5,105.62,627.83,67.08,66.02,17.159
979.0,0.65,2185.3,105.81,628.85,66.68,66.01,17.158
980.0,0.65,2181.4,106.27,631.38,66.58,65.5,17.127
981.0,0.65,2183.7,106.04,630.1,66.4,64.54,17.145
982.0,0.65,2183.9,105.79,628.78,66.56,65.15,17.146
983.0,0.65,2189.6,105.94,629.59,66.75,65.92,17.191
984.0,0.65,2188.4,105.89,629.3,66.58,64.71,17.182
985.0,0.65,2196.8,105.97,629.76,66.72,66.28,17.247
986.0,0.65,2192.3,106.24,631.18,66.52,65.38,17.212
987.0,0.65,2188.9,106.85,634.51,66.48,65.01,17.185
988.0,0.65,2190.5,106.23,631.15,66.3,65.33,17.198
989.0,0.65,2189.4,106.34,631.71,66.37,65.37,17.19
990.0,0.65,2183.9,106.1,630.43,66.5,65.67,17.147
991.0,0.65,2182.7,105.95,629.63,66.19,65.14,17.138
992.0,0.65,2177.5,105.97,629.72,66.07,65.52,17.097
993.0,0.65,2182.9,106.37,631.9,66.11,64.8,17.139
994.0,0.65,2190.3,105.94,629.59,66.02,66.12,17.196
995.0,0.65,2184.3,106.1,630.46,66.22,64.55,17.15
996.0,0.65,2177.3,106.43,632.24,65.9,65.09,17.095
997.0,0.65,2182.9,106.4,632.08,65.87,64.88,17.139
998.0,0.65,2186.9,106.95,635.04,65.97,65.49,17.17
999.0,0.65,2178.0,106.62,633.27,65.78,65.68,17.1
1000.0,0.65,2184.1,106.59,633.09,65.75,64.72,17.148
1001.0,0.65,2184.1,106.29,631.44,65.73,65.74,17.148
1002.0,0.65,2186.3,105.72,628.36,65.54,64.77,17.165
1003.0,0.65,2184.0,105.63,627.88,65.56,66.2,17.147
1004.0,0.65,2188.1,105.82,628.9,65.37,65.25,17.179
1005.0,0.65,2186.6,105.6,627.75,65.22,65.46,17.167
1006.0,0.65,2187.0,105.18,625.46,64.69,65.02,17.171
1007.0,0.65,2184.3,104.64,622.54,64.83,65.01,17.149
1008.0,0.65,2187.2,104.52,621.88,64.77,65.58,17.172
1009.0,0.65,2181.8,104.71,622.88,64.44,64.65,17.13
1010.0,0.65,2184.6,104.69,622.77,64.21,65.09,17.152
1011.0,0.65,2185.1,104.47,621.62,64.08,65.01,17.156
1012.0,0.65,2193.2,104.44,621.44,64.23,65.56,17.219
1013.0,0.65,2184.4,103.79,617.9,64.26,65.88,17.15
1014.0,0.65,2178.0,103.91,618.56,64.38,65.45,17.101
1015.0,0.65,2178.7,104.6,622.3,64.07,65.0,17.106
1016.0,0.65,2177.2,104.54,621.96,63.95,65.42,17.094
1017.0,0.65,2182.7,104.86,623.73,64.12,65.11,17.137
1018.0,0.65,2178.6,105.3,626.11,63.73,64.73,17.105
1019.0,0.65,2177.7,105.54,627.42,63.67,65.13,17.098
1020.0,0.65,2180.6,105.08,624.89,63.64,65.14,17.121
1021.0,0.65,2176.3,104.62,622.41,63.54,64.69,17.087
1022.0,0.65,2183.5,104.65,622.55,63.41,64.54,17.144
1023.0,0.65,2183.2,104.39,621.17,63.28,65.18,17.141
1024.0,0.65,2179.2,104.33,620.83,63.16,65.28,17.11
1025.0,0.65,2177.2,104.7,622.83,62.95,64.92,17.094
1026.0,0.65,2178.2,104.6,622.32,63.08,65.25,17.102
1027.0,0.65,2174.9,105.15,625.28,62.93,65.33,17.076
1028.0,0.65,2173.4,104.93,624.09,62.92,65.35,17.065
1029.0,0.65,2185.1,105.08,624.91,63.26,65.11,17.156
1030.0,0.65,2178.7,105.13,625.19,63.7,65.78,17.106
1031.0,0.65,2177.9,104.39,621.19,64.39,64.8,17.1
1032.0,0.65,2178.5,104.82,623.51,64.32,65.29,17.104
1033.0,0.65,2193.4,104.32,620.8,64.4,65.91,17.221
1034.0,0.65,2192.2,104.82,623.47,64.5,66.55,17.211
1035.0,0.65,2195.2,105.51,627.25,64.44,65.71,17.235
1036.0,0.65,2183.6,105.31,626.16,64.39,65.2,17.144
1037.0,0.65,2191.6,105.04,624.7,64.56,65.58,17.206
1038.0,0.65,2184.0,105.18,625.43,64.61,64.78,17.147
1039.0,0.65,2180.9,105.79,628.76,65.03,64.81,17.123
1040.0,0.65,2184.0,105.46,626.95,65.07,65.46,17.148
1041.0,0.65,2182.4,105.93,629.53,65.17,65.06,17.135
1042.0,0.65,2179.8,105.51,627.24,65.15,64.87,17.114
1043.0,0.65,2173.9,105.39,626.59,65.13,64.81,17.069
1044.0,0.65,2176.8,105.16,625.36,65.37,65.48,17.091
1045.0,0.65,2180.2,105.5,627.18,65.31,65.84,17.118
1046.0,0.65,2179.4,105.64,627.94,65.68,65.28,17.111
1047.0,0.65,2174.6,105.85,629.07,65.64,65.26,17.074
1048.0,0.65,2174.1,105.52,627.28,65.6,65.5,17.07
1049.0,0.65,2180.5,105.32,626.22,65.74,65.12,17.12
1050.0,0.65,2182.9,105.09,624.96,65.69,65.35,17.139
1051.0,0.65,2184.0,105.34,626.34,65.83,64.79,17.147
1052.0,0.65,2192.0,105.35,626.35,65.81,65.51,17.21
1053.0,0.65,2191.1,105.45,626.9,65.68,65.05,17.203
1054.0,0.65,2194.5,106.0,629.91,65.9,65.72,17.23
1055.0,0.65,2188.2,105.75,628.54,66.22,65.04,17.18
1056.0,0.65,2184.9,105.83,628.99,66.16,64.42,17.154
1057.0,0.65,2186.0,105.98,629.79,66.44,64.96,17.163
1058.0,0.65,2188.0,105.87,629.22,66.5,64.95,17.179
1059.0,0.65,2187.3,105.62,627.82,66.5,65.17,17.173
1060.0,0.65,2186.1,105.61,627.77,66.84,65.35,17.163
1061.0,0.65,2179.4,105.65,628.01,66.76,65.68,17.111
1062.0,0.65,2179.0,105.36,626.42,66.82,65.78,17.108
1063.0,0.65,2184.3,105.81,628.85,66.66,65.17,17.15
1064.0,0.65,2181.2,105.47,627.04,66.58,65.04,17.126
1065.0,0.65,2179.1,105.33,626.27,66.64,66.0,17.109
1066.0,0.65,2179.4,104.97,624.3,66.64,65.28,17.111
1067.0,0.65,2176.0,105.08,624.91,67.0,65.44,17.085
1068.0,0.65,2178.0,105.22,625.67,67.2,65.04,17.101
1069.0,0.65,2178.7,105.07,624.87,67.06,65.53,17.106
1070.0,0.65,2179.9,105.05,624.73,67.14,65.38,17.116
1071.0,0.65,2181.7,105.06,624.8,67.15,64.69,17.129
1072.0,0.65,2182.3,105.24,625.75,66.97,66.02,17.134
1073.0,0.65,2179.4,105.35,626.39,66.99,64.71,17.111
1074.0,0.65,2181.1,105.42,626.77,67.02,65.44,17.125
1075.0,0.65,2178.6,105.36,626.42,66.79,65.41,17.105
1076.0,0.65,2179.1,105.54,627.42,67.09,65.38,17.109
1077.0,0.65,2179.6,105.58,627.62,67.31,64.81,17.113
1078.0,0.65,2186.0,105.78,628.72,67.15,65.99,17.163
1079.0,0.65,2182.2,106.09,630.41,66.92,65.16,17.133
1080.0,0.65,2180.7,105.88,629.26,66.79,65.6,17.122
1081.0,0.65,2181.3,106.03,630.03,67.09,66.12,17.126
1082.0,0.65,2181.9,106.12,630.54,67.13,65.04,17.131
1083.0,0.65,2177.6,105.98,629.8,67.03,64.74,17.097
1084.0,0.65,2177.5,106.14,630.63,67.03,64.97,17.097
1085.0,0.65,2177.7,106.45,632.33,66.8,64.42,17.098
1086.0,0.65,2176.9,106.51,632.67,66.73,64.89,17.092
1087.0,0.65,2178.6,106.27,631.36,67.21,65.19,17.105
1088.0,0.65,2179.0,106.45,632.32,66.96,65.4,17.108
1089.0,0.65,2175.3,106.59,633.07,67.38,65.54,17.08
1090.0,0.65,2174.3,106.68,633.59,67.42,64.5,17.071
1091.0,0.65,2178.1,106.95,635.07,67.25,65.27,17.101
1092.0,0.65,2179.4,107.11,635.93,66.83,65.21,17.111
1093.0,0.65,2181.8,107.18,636.28,66.46,65.31,17.13
1094.0,0.65,2184.6,107.06,635.63,66.34,65.09,17.152
1095.0,0.65,2188.5,106.69,633.64,66.38,66.24,17.182
1096.0,0.65,2183.7,106.46,632.4,66.47,65.37,17.145
1097.0,0.65,2183.4,105.92,629.48,66.48,65.94,17.143
1098.0,0.65,2192.6,106.53,632.75,66.62,65.65,17.214
1099.0,0.65,2193.3,106.7,633.68,66.5,65.44,17.22
1100.0,0.65,2187.4,106.59,633.09,66.42,65.35,17.174
1101.0,0.65,2184.5,106.73,633.85,66.49,64.96,17.152
1102.0,0.65,2183.9,106.73,633.87,66.29,65.12,17.147
1103.0,0.65,2180.8,106.25,631.24,66.62,65.83,17.122
1104.0,0.65,2173.9,105.69,628.21,66.65,65.62,17.069
1105.0,0.65,2177.2,105.16,625.33,66.73,65.01,17.094
1106.0,0.65,2176.7,105.0,624.48,66.68,65.01,17.09
1107.0,0.65,2179.5,105.28,626.01,66.82,64.78,17.112
1108.0,0.65,2181.2,105.22,625.68,66.5,64.99,17.126
1109.0,0.65,2190.5,105.48,627.09,66.14,65.87,17.198
1110.0,0.65,2189.9,105.69,628.23,66.14,65.37,17.193
1111.0,0.65,2181.2,105.39,626.59,66.28,64.88,17.125
1112.0,0.65,2184.4,105.13,625.16,66.25,65.15,17.15
1113.0,0.65,2189.5,105.22,625.67,65.96,65.23,17.19
1114.0,0.65,2192.4,105.4,626.62,65.86,65.46,17.213
1115.0,0.65,2178.3,105.03,624.63,65.86,65.68,17.103
1116.0,0.65,2178.2,104.76,623.15,65.92,64.88,17.102
1117.0,0.65,2177.9,104.99,624.42,66.08,64.86,17.1
1118.0,0.65,2177.1,105.1,624.99,66.38,65.7,17.093
1119.0,0.65,2187.1,105.26,625.87,66.56,66.01,17.171
1120.0,0.65,2185.7,105.43,626.8,66.6,65.2,17.16
1121.0,0.65,2189.8,105.85,629.07,66.92,65.19,17.192
1122.0,0.65,2186.7,106.06,630.24,67.0,65.67,17.168
1123.0,0.65,2189.5,105.85,629.07,67.03,64.91,17.19
1124.0,0.65,2196.9,105.84,629.04,67.09,65.14,17.248
1125.0,0.65,2192.2,106.06,630.22,66.59,65.71,17.212
1126.0,0.65,2192.3,106.23,631.15,66.69,66.39,17.212
1127.0,0.65,2187.3,106.36,631.87,67.22,65.35,17.173
1128.0,0.65,2189.2,106.1,630.45,67.1,64.99,17.188
1129.0,0.65,2189.3,106.23,631.12,67.02,65.22,17.188
1130.0,0.65,2192.1,106.57,632.96,66.85,65.38,17.21
1131.0,0.65,2193.3,106.38,631.97,66.73,65.73,17.22
1132.0,0.65,2189.2,106.72,633.8,66.53,65.65,17.188
1133.0,0.65,2194.1,106.44,632.29,66.97,65.69,17.226
1134.0,0.65,2190.6,106.55,632.89,66.91,65.86,17.198
1135.0,0.65,2190.4,106.31,631.58,66.88,64.38,17.197
1136.0,0.65,2188.0,106.26,631.29,66.71,65.61,17.179
1137.0,0.65,2182.6,106.35,631.78,66.59,64.98,17.136
1138.0,0.65,2180.9,106.21,631.06,66.76,65.13,17.123
1139.0,0.65,2192.6,106.12,630.52,66.45,65.74,17.214
1140.0,0.65,2189.7,106.04,630.13,66.38,65.33,17.192
1141.0,0.65,2187.6,105.95,629.65,66.35,65.38,17.175
1142.0,0.65,2190.5,105.82,628.92,66.76,65.42,17.198
1143.0,0.65,2190.5,105.78,628.72,66.63,65.65,17.198
1144.0,0.65,2190.9,105.83,628.95,66.82,64.98,17.201
1145.0,0.65,2191.1,105.97,629.76,66.68,65.35,17.203
1146.0,0.65,2198.1,106.06,630.22,66.68,66.01,17.258
1147.0,0.65,2194.3,106.13,630.6,66.59,64.88,17.227
1148.0,0.65,2193.6,106.32,631.62,66.61,65.96,17.222
1149.0,0.65,2184.7,106.01,629.94,66.44,65.46,17.153
1150.0,0.65,2176.9,106.59,633.11,66.46,65.15,17.092
1151.0,0.65,2179.9,106.4,632.08,66.31,65.17,17.115
1152.0,0.65,2174.0,106.42,632.15,66.67,64.64,17.069
1153.0,0.65,2175.6,106.03,630.08,66.44,64.72,17.082
1154.0,0.65,2180.5,106.38,631.93,66.3,65.61,17.12
1155.0,0.65,2180.2,106.57,632.98,66.58,64.75,17.118
1156.0,0.65,2181.1,106.02,630.0,66.41,65.63,17.125
1157.0,0.65,2185.5,105.98,629.78,66.2,65.21,17.159
1158.0,0.65,2191.2,105.93,629.53,66.08,65.26,17.203
1159.0,0.65,2193.5,106.02,629.98,66.16,65.78,17.222
1160.0,0.65,2188.7,106.04,630.13,66.11,65.12,17.184
1161.0,0.65,2189.6,105.71,628.32,66.15,65.58,17.191
1162.0,0.65,2192.1,105.63,627.9,66.1,65.32,17.211
1163.0,0.65,2188.5,105.14,625.26,65.92,64.96,17.182
1164.0,0.65,2189.8,105.18,625.44,65.64,65.92,17.193
1165.0,0.65,2192.7,105.84,629.02,65.68,65.99,17.215
1166.0,0.65,2189.0,105.55,627.46,65.86,65.55,17.187
1167.0,0.65,2181.1,105.35,626.37,65.59,64.95,17.125
1168.0,0.65,2174.7,105.44,626.85,65.6,65.39,17.075
1169.0,0.65,2176.7,105.09,624.97,65.64,65.02,17.091
1170.0,0.65,2177.0,104.92,624.03,65.87,64.39,17.093
1171.0,0.65,2181.2,104.87,623.78,65.68,65.26,17.126
1172.0,0.65,2183.6,104.88,623.8,65.85,65.7,17.144
1173.0,0.65,2189.4,105.25,625.81,65.91,64.6,17.19
1174.0,0.65,2188.4,105.8,628.79,65.51,64.82,17.182
1175.0,0.65,2184.7,105.8,628.81,65.53,65.01,17.153
1176.0,0.65,2185.7,105.1,625.0,65.73,65.39,17.16
1177.0,0.65,2193.8,104.46,621.57,65.69,65.86,17.224
1178.0,0.65,2194.2,104.88,623.83,65.95,65.75,17.227
1179.0,0.65,2182.3,104.45,621.47,65.97,65.24,17.134
1180.0,0.65,2184.2,104.76,623.17,66.07,65.5,17.149
1181.0,0.65,2185.3,104.95,624.21,66.43,65.17,17.158
1182.0,0.65,2186.0,105.63,627.88,66.47,65.65,17.163
1183.0,0.65,2190.2,105.12,625.11,66.59,65.11,17.196
1184.0,0.65,2184.3,104.93,624.08,66.74,65.87,17.149
1185.0,0.65,2178.6,105.03,624.66,66.73,65.36,17.105
1186.0,0.65,2182.4,105.18,625.42,66.7,65.7,17.135
1187.0,0.65,2184.5,104.9,623.92,66.76,65.17,17.151
1188.0,0.65,2183.8,104.96,624.27,66.69,65.21,17.146
1189.0,0.65,2181.4,104.34,620.89,66.72,65.54,17.127
1190.0,0.65,2181.3,104.15,619.86,66.82,65.07,17.126
1191.0,0.65,2182.0,104.43,621.39,66.68,65.4,17.132
1192.0,0.65,2175.9,104.68,622.75,66.72,64.68,17.084
1193.0,0.65,2177.7,104.38,621.12,66.97,65.26,17.098
1194.0,0.65,2178.7,104.3,620.65,67.08,65.42,17.106
1195.0,0.65,2177.2,104.72,622.97,67.07,65.39,17.094
1196.0,0.65,2183.6,104.06,619.36,67.18,65.9,17.144
1197.0,0.65,2186.9,103.91,618.58,67.17,65.87,17.17
1198.0,0.65,2182.5,103.73,617.58,67.42,65.09,17.136
1199.0,0.65,2183.2,103.88,618.4,67.61,64.67,17.141
1200.0,0.65,2182.1,104.21,620.18,67.69,65.87,17.133
1201.0,0.65,2180.1,104.05,619.33,67.53,65.56,17.117
1202.0,0.65,2185.8,104.47,621.62,67.59,64.95,17.162
1203.0,0.65,2186.5,104.56,622.09,67.5,66.25,17.167
1204.0,0.65,2191.1,104.83,623.55,67.48,65.83,17.202
1205.0,0.65,2186.9,104.96,624.27,67.6,65.69,17.17
1206.0,0.65,2191.4,105.19,625.51,67.86,65.07,17.205
1207.0,0.65,2191.4,105.8,628.83,67.64,65.6,17.205
1208.0,0.65,2188.4,105.48,627.05,67.77,65.17,17.182
1209.0,0.65,2192.5,105.37,626.48,67.17,65.68,17.214
1210.0,0.65,2191.5,105.16,625.36,67.39,65.25,17.206
1211.0,0.65,2186.8,105.02,624.58,67.11,65.81,17.169
1212.0,0.65,2187.7,105.25,625.81,67.02,64.91,17.176
1213.0,0.65,2186.9,105.21,625.59,66.91,65.1,17.17
1214.0,0.65,2185.5,105.36,626.45,67.19,65.36,17.159
1215.0,0.65,2184.3,105.84,629.01,67.54,65.76,17.149
1216.0,0.65,2184.9,105.84,629.0,67.56,65.66,17.155
1217.0,0.65,2185.2,105.57,627.56,67.82,65.91,17.157
1218.0,0.65,2189.0,105.91,629.42,67.56,65.37,17.187
1219.0,0.65,2183.8,106.14,630.65,67.1,65.19,17.146
1220.0,0.65,2187.3,106.23,631.16,67.27,65.24,17.173
1221.0,0.65,2180.1,105.85,629.07,67.21,65.27,17.117
1222.0,0.65,2178.4,105.11,625.08,67.17,65.25,17.104
1223.0,0.65,2187.9,104.95,624.22,67.33,65.42,17.178
1224.0,0.65,2193.8,104.79,623.34,67.24,65.83,17.224
1225.0,0.65,2188.7,105.53,627.36,67.2,65.37,17.184
1226.0,0.65,2189.9,106.01,629.93,67.62,65.57,17.193
1227.0,0.65,2183.7,105.78,628.72,67.59,65.22,17.145
1228.0,0.65,2185.8,106.27,631.38,67.35,65.51,17.161
1229.0,0.65,2186.9,106.13,630.62,67.38,65.68,17.17
1230.0,0.65,2185.0,106.4,632.08,67.35,64.77,17.155
1231.0,0.65,2182.6,106.35,631.82,67.12,64.12,17.137
1232.0,0.65,2184.7,106.28,631.4,67.12,65.46,17.152
1233.0,0.65,2177.4,106.6,633.14,67.12,65.52,17.096
1234.0,0.65,2181.6,106.97,635.14,67.62,65.24,17.128
1235.0,0.65,2185.3,107.36,637.24,67.78,64.76,17.158
1236.0,0.65,2183.9,107.35,637.23,67.48,64.94,17.147
1237.0,0.65,2189.3,107.03,635.48,67.44,65.16,17.188
1238.0,0.65,2183.5,107.27,636.8,67.45,65.51,17.144
1239.0,0.65,2188.4,106.8,634.22,67.36,65.1,17.181
1240.0,0.65,2187.0,106.13,630.6,67.42,65.31,17.171
1241.0,0.65,2190.8,105.92,629.46,67.43,65.15,17.2
1242.0,0.65,2189.4,106.39,632.0,67.33,64.54,17.189
1243.0,0.65,2183.8,106.62,633.24,67.38,65.84,17.146
1244.0,0.65,2183.4,106.61,633.18,67.46,65.0,17.143
1245.0,0.65,2180.5,106.9,634.77,67.28,64.9,17.12
1246.0,0.65,2186.3,106.98,635.22,67.26,66.15,17.165
1247.0,0.65,2192.9,106.83,634.41,67.21,65.3,17.217
1248.0,0.65,2189.5,106.74,633.93,66.98,65.06,17.191
1249.0,0.65,2193.8,106.69,633.66,66.79,65.65,17.224
1250.0,0.65,2189.1,106.8,634.2,66.62,65.48,17.187
1251.0,0.65,2189.3,106.67,633.53,66.56,65.57,17.189
1252.0,0.65,2194.5,106.07,630.28,66.56,65.57,17.229
1253.0,0.65,2196.3,106.3,631.51,66.79,65.56,17.244
1254.0,0.65,2187.0,106.62,633.26,66.48,66.03,17.17
1255.0,0.65,2190.6,106.65,633.42,66.3,64.87,17.199
1256.0,0.65,2192.4,107.05,635.57,66.34,64.95,17.213
1257.0,0.65,2182.7,107.39,637.44,66.13,64.36,17.137
1258.0,0.65,2188.9,106.93,634.92,66.47,65.09,17.186
1259.0,0.65,2188.9,107.35,637.2,66.51,65.66,17.186
1260.0,0.65,2197.7,107.1,635.87,66.5,65.96,17.254
1261.0,0.65,2193.2,106.95,635.03,66.47,65.32,17.219
1262.0,0.65,2190.2,106.98,635.23,66.36,65.65,17.196
1263.0,0.65,2188.7,106.67,633.5,66.3,65.3,17.184
1264.0,0.65,2182.5,106.47,632.42,66.12,65.61,17.136
1265.0,0.65,2182.5,106.02,629.98,66.12,64.97,17.136
1266.0,0.65,2183.6,105.92,629.47,66.09,65.02,17.144
1267.0,0.65,2185.3,106.14,630.63,65.95,65.4,17.157
1268.0,0.65,2177.2,106.18,630.89,65.93,64.73,17.094
1269.0,0.65,2171.2,105.95,629.64,66.13,65.4,17.047
1270.0,0.65,2174.4,105.41,626.7,66.17,65.83,17.072
1271.0,0.65,2177.0,105.74,628.49,66.47,64.88,17.093
1272.0,0.65,2180.3,105.59,627.69,66.41,64.19,17.118
1273.0,0.65,2179.3,105.47,627.05,66.46,65.14,17.111
1274.0,0.65,2180.7,106.1,630.41,66.54,64.73,17.121
1275.0,0.65,2184.1,106.61,633.21,66.4,64.85,17.148
1276.0,0.65,2184.6,106.64,633.34,66.36,65.27,17.152
1277.0,0.65,2186.3,106.56,632.94,66.29,64.75,17.166
1278.0,0.65,2184.5,106.94,634.96,66.19,64.77,17.151
1279.0,0.65,2179.5,106.21,631.03,66.55,65.17,17.112
1280.0,0.65,2182.4,106.21,631.03,66.92,65.04,17.135
1281.0,0.65,2176.9,106.19,630.9,66.98,64.97,17.092
1282.0,0.65,2174.2,106.18,630.85,66.93,65.1,17.071
1283.0,0.65,2175.5,106.06,630.21,67.04,65.28,17.081
1284.0,0.65,2178.9,105.35,626.39,66.86,64.79,17.108
1285.0,0.65,2180.4,105.31,626.15,66.38,65.28,17.119
1286.0,0.65,2176.7,105.45,626.94,66.55,65.73,17.091
1287.0,0.65,2187.6,105.65,627.97,66.6,64.68,17.175
1288.0,0.65,2182.3,105.61,627.78,66.41,65.87,17.134
1289.0,0.65,2181.7,105.65,627.98,66.77,64.49,17.13
1290.0,0.65,2186.2,105.38,626.52,66.79,65.74,17.165
1291.0,0.65,2186.3,105.62,627.85,66.54,64.94,17.165
1292.0,0.65,2185.0,105.46,626.96,66.58,65.52,17.155
1293.0,0.65,2188.9,105.65,628.0,66.37,65.27,17.185
1294.0,0.65,2187.5,105.96,629.66,66.34,65.81,17.174
1295.0,0.65,2182.0,106.25,631.27,66.4,64.84,17.131
1296.0,0.65,2190.7,106.13,630.6,66.22,65.52,17.2
1297.0,0.65,2188.9,106.18,630.87,66.17,65.93,17.185
1298.0,0.65,2183.3,106.45,632.32,66.29,65.91,17.142
1299.0,0.65,2190.5,106.09,630.36,66.35,65.09,17.198
1300.0,0.65,2185.5,106.13,630.61,66.37,64.7,17.159
1301.0,0.65,2182.8,106.42,632.18,66.31,65.29,17.138
1302.0,0.65,2179.2,107.06,635.63,66.83,65.13,17.11
1303.0,0.65,2186.7,106.95,635.04,66.68,65.29,17.169
1304.0,0.65,2180.1,106.67,633.52,66.88,65.4,17.117
1305.0,0.65,2183.9,106.53,632.75,66.92,64.69,17.146
1306.0,0.65,2191.2,107.3,636.95,67.03,65.46,17.204
1307.0,0.65,2189.7,106.83,634.41,66.72,65.24,17.192
1308.0,0.65,2186.0,106.56,632.91,66.7,65.91,17.163
1309.0,0.65,2185.4,106.91,634.81,66.53,65.02,17.158
1310.0,0.65,2187.4,106.93,634.92,66.33,64.8,17.174
1311.0,0.65,2182.5,107.16,636.2,66.18,64.97,17.136
1312.0,0.65,2184.5,107.42,637.58,65.9,65.16,17.152
1313.0,0.65,2181.4,107.18,636.31,65.78,65.03,17.127
1314.0,0.65,2182.1,107.8,639.66,66.14,65.07,17.133
1315.0,0.65,2180.8,107.48,637.93,66.07,65.38,17.123
1316.0,0.65,2185.0,107.66,638.88,66.19,65.19,17.155
1317.0,0.65,2192.0,107.9,640.22,66.61,65.93,17.21
1318.0,0.65,2184.4,108.02,640.83,66.37,64.91,17.15
1319.0,0.65,2184.2,108.18,641.69,66.4,65.68,17.149
1320.0,0.65,2187.5,108.47,643.26,66.51,65.87,17.175
1321.0,0.65,2184.7,108.39,642.82,66.52,65.29,17.152
1322.0,0.65,2185.0,108.64,644.18,66.67,65.62,17.155
1323.0,0.65,2191.1,108.94,645.81,66.71,65.25,17.202
1324.0,0.65,2183.7,108.91,645.66,66.54,65.44,17.145
1325.0,0.65,2185.3,107.65,638.81,66.62,65.04,17.158
1326.0,0.65,2189.5,107.18,636.27,66.45,65.36,17.19
1327.0,0.65,2189.1,107.11,635.9,66.19,65.48,17.187
1328.0,0.65,2187.9,107.3,636.95,66.01,65.2,17.178
1329.0,0.65,2191.1,107.08,635.76,65.95,65.17,17.202
1330.0,0.65,2189.8,107.44,637.69,66.13,65.16,17.193
1331.0,0.65,2190.8,107.21,636.43,66.02,65.5,17.2
1332.0,0.65,2195.8,107.71,639.15,66.04,65.7,17.239
1333.0,0.65,2189.4,107.58,638.45,65.94,65.67,17.189
1334.0,0.65,2185.2,108.17,641.68,65.85,64.85,17.157
1335.0,0.65,2173.9,108.52,643.56,65.87,65.08,17.069
1336.0,0.65,2174.6,108.62,644.07,65.64,64.93,17.074
1337.0,0.65,2185.4,108.73,644.68,65.73,65.02,17.158
1338.0,0.65,2181.7,108.44,643.15,65.71,65.16,17.129
1339.0,0.65,2183.5,107.96,640.54,65.6,64.52,17.143
1340.0,0.65,2181.1,107.53,638.2,65.8,65.05,17.125
1341.0,0.65,2181.3,107.39,637.44,65.87,65.3,17.126
1342.0,0.65,2184.7,107.49,637.95,65.39,66.09,17.153
1343.0,0.65,2186.9,107.18,636.27,65.55,65.41,17.17
1344.0,0.65,2180.8,106.63,633.29,65.47,65.97,17.122
1345.0,0.65,2183.3,106.04,630.12,65.62,65.01,17.142
1346.0,0.65,2188.1,106.47,632.46,65.91,65.38,17.179
1347.0,0.65,2190.7,106.67,633.52,65.87,65.15,17.199
1348.0,0.65,2188.6,106.67,633.52,65.61,65.02,17.183
1349.0,0.65,2190.8,106.67,633.54,65.82,65.06,17.2
1350.0,0.65,2189.7,106.72,633.78,65.77,65.59,17.192
1351.0,0.65,2185.3,106.95,635.04,65.89,65.32,17.158
1352.0,0.65,2189.5,106.44,632.28,65.82,65.36,17.19
1353.0,0.65,2191.5,106.73,633.86,65.63,66.08,17.206
1354.0,0.65,2193.5,106.98,635.23,65.72,65.77,17.221
1355.0,0.65,2191.8,107.07,635.69,65.76,66.12,17.208
1356.0,0.65,2188.4,107.44,637.7,65.8,65.53,17.182
1357.0,0.65,2186.3,107.61,638.6,65.58,65.55,17.165
1358.0,0.65,2190.7,107.75,639.38,65.56,65.48,17.199
1359.0,0.65,2185.1,107.94,640.4,65.47,65.31,17.156
1360.0,0.65,2191.1,108.15,641.54,65.32,65.27,17.203
1361.0,0.65,2183.9,108.32,642.49,65.34,64.82,17.147
1362.0,0.65,2183.0,107.88,640.06,64.97,66.14,17.139
1363.0,0.65,2183.4,107.58,638.47,64.98,65.67,17.143
1364.0,0.65,2181.1,107.31,637.0,64.74,65.89,17.125
1365.0,0.65,2178.2,107.35,637.2,64.45,65.3,17.102
1366.0,0.65,2187.3,107.45,637.74,64.67,66.38,17.173
1367.0,0.65,2177.2,107.28,636.85,64.56,64.94,17.095
1368.0,0.65,2182.1,107.71,639.13,64.58,65.15,17.132
1369.0,0.65,2178.9,108.3,642.34,64.71,65.32,17.108
1370.0,0.65,2176.9,108.36,642.71,64.65,64.62,17.092
1371.0,0.65,2182.8,108.12,641.37,64.59,65.37,17.138
1372.0,0.65,2184.0,107.83,639.82,64.74,66.18,17.147
1373.0,0.65,2179.9,107.75,639.35,64.83,65.25,17.116
1374.0,0.65,2177.0,107.71,639.14,64.77,65.35,17.092
1375.0,0.65,2184.6,107.7,639.09,64.83,65.69,17.152
1376.0,0.65,2185.2,107.94,640.38,64.5,64.97,17.157
1377.0,0.65,2185.6,107.95,640.48,64.37,65.85,17.16
1378.0,0.65,2183.8,108.24,642.03,64.68,65.39,17.146
1379.0,0.65,2186.4,108.11,641.34,64.51,66.05,17.166
1380.0,0.65,2186.3,107.9,640.17,64.36,65.72,17.165
1381.0,0.65,2187.1,108.36,642.69,64.21,65.27,17.171
1382.0,0.65,2181.6,107.99,640.66,64.12,65.72,17.129
1383.0,0.65,2190.8,108.52,643.56,64.02,65.38,17.2
1384.0,0.65,2182.1,108.12,641.4,64.05,65.35,17.132
1385.0,0.65,2178.1,108.26,642.12,64.1,65.32,17.101
1386.0,0.65,2176.0,108.13,641.44,64.11,65.09,17.085
1387.0,0.65,2184.0,108.23,642.0,64.26,65.57,17.147
1388.0,0.65,2187.6,108.28,642.23,64.6,64.91,17.175
1389.0,0.65,2188.1,108.52,643.53,64.76,65.01,17.179
1390.0,0.65,2180.2,108.2,641.83,64.6,65.38,17.118
1391.0,0.65,2181.5,107.9,640.2,64.39,64.97,17.128
1392.0,0.65,2172.3,108.21,641.87,64.25,66.12,17.056
1393.0,0.65,2170.0,107.94,640.43,64.36,64.95,17.038
1394.0,0.65,2178.1,107.84,639.84,64.4,64.91,17.101
1395.0,0.65,2174.6,107.6,638.57,64.23,65.0,17.074
1396.0,0.65,2174.2,107.89,640.11,64.37,65.78,17.071
1397.0,0.65,2176.7,107.35,637.22,64.76,65.11,17.09
1398.0,0.65,2179.0,107.65,638.84,64.56,64.87,17.108
1399.0,0.65,2169.1,107.51,638.09,64.69,65.29,17.031
1400.0,0.65,2179.6,108.05,640.98,64.39,65.35,17.113
1401.0,0.65,2189.3,107.76,639.46,64.24,64.9,17.189
1402.0,0.65,2185.2,107.92,640.32,64.18,66.26,17.156
1403.0,0.65,2183.3,108.08,641.15,64.25,66.02,17.142
1404.0,0.65,2177.0,108.36,642.68,64.34,65.13,17.093
1405.0,0.65,2180.3,108.19,641.79,64.58,65.75,17.119
1406.0,0.65,2181.7,108.07,641.14,64.75,65.05,17.129
1407.0,0.65,2184.8,108.05,641.01,64.87,65.54,17.154
1408.0,0.65,2186.8,107.58,638.45,64.83,64.27,17.169
1409.0,0.65,2184.6,107.52,638.11,64.89,65.54,17.152
1410.0,0.65,2182.1,107.73,639.29,64.75,65.16,17.133
1411.0,0.65,2182.7,107.61,638.62,64.85,65.33,17.137
1412.0,0.65,2188.7,107.87,640.01,65.01,65.71,17.184
1413.0,0.65,2187.8,107.52,638.11,65.23,65.25,17.177
1414.0,0.65,2188.0,107.47,637.89,65.28,65.29,17.178
1415.0,0.65,2184.3,107.38,637.38,64.96,65.37,17.15
1416.0,0.65,2190.0,107.0,635.32,65.12,64.59,17.194
1417.0,0.65,2188.5,107.57,638.38,65.28,65.1,17.183
1418.0,0.65,2184.4,107.35,637.23,65.53,65.97,17.15
1419.0,0.65,2189.2,107.03,635.49,65.7,65.19,17.188
1420.0,0.65,2188.4,106.57,632.96,65.52,65.59,17.181
1421.0,0.65,2185.4,106.64,633.37,65.56,65.68,17.158
1422.0,0.65,2175.1,106.54,632.82,65.52,64.68,17.078
1423.0,0.65,2185.1,106.3,631.52,65.86,65.05,17.156
1424.0,0.65,2183.2,106.58,633.04,65.85,64.55,17.141
1425.0,0.65,2176.5,106.19,630.93,65.96,65.68,17.089
1426.0,0.65,2179.9,106.48,632.49,65.76,64.51,17.115
1427.0,0.65,2182.0,106.67,633.51,65.87,65.98,17.132
1428.0,0.65,2181.7,106.89,634.72,66.04,65.53,17.129
1429.0,0.65,2180.9,106.54,632.83,66.01,65.06,17.123
1430.0,0.65,2180.2,106.73,633.85,66.13,65.17,17.117
1431.0,0.65,2186.9,106.57,632.98,66.2,64.98,17.17
1432.0,0.65,2189.3,106.47,632.46,65.68,65.22,17.188
1433.0,0.65,2183.3,106.64,633.38,65.55,65.02,17.142
1434.0,0.65,2177.6,106.49,632.55,65.63,64.53,17.097
1435.0,0.65,2182.6,106.71,633.76,65.66,65.08,17.136
1436.0,0.65,2182.4,106.35,631.78,65.79,65.82,17.135
1437.0,0.65,2177.9,106.39,631.99,65.66,65.46,17.1
1438.0,0.65,2177.6,105.97,629.75,65.43,65.32,17.097
1439.0,0.65,2177.4,105.72,628.4,65.6,65.63,17.096
1440.0,0.65,2175.2,105.83,628.98,65.76,64.54,17.078
1441.0,0.65,2179.7,106.01,629.93,65.44,64.8,17.114
1442.0,0.65,2178.5,106.36,631.85,65.25,65.54,17.104
1443.0,0.65,2175.2,105.83,628.95,65.54,64.79,17.079
1444.0,0.65,2171.2,105.83,628.96,65.72,64.47,17.047
1445.0,0.65,2176.3,105.69,628.19,65.82,65.62,17.088
1446.0,0.65,2182.8,105.9,629.36,65.51,65.78,17.138
1447.0,0.65,2173.2,106.6,633.14,65.53,65.72,17.063
1448.0,0.65,2174.1,106.83,634.4,65.88,65.04,17.07
1449.0,0.65,2182.8,106.64,633.37,65.96,64.91,17.138
1450.0,0.65,2185.3,106.44,632.29,66.1,65.62,17.157
1451.0,0.65,2181.2,106.25,631.24,66.32,65.5,17.126
1452.0,0.65,2187.9,106.19,630.95,66.28,65.72,17.178
1453.0,0.65,2190.9,106.26,631.33,66.29,65.1,17.201
1454.0,0.65,2190.8,106.3,631.51,66.02,66.06,17.201
1455.0,0.65,2193.9,106.56,632.94,66.06,66.25,17.224
1456.0,0.65,2190.7,106.07,630.28,66.25,64.92,17.2
1457.0,0.65,2195.8,106.4,632.03,66.31,65.33,17.24
1458.0,0.65,2193.6,106.18,630.86,66.66,65.66,17.222
1459.0,0.65,2194.3,106.2,631.0,66.68,65.83,17.228
1460.0,0.65,2194.4,106.18,630.85,66.74,64.78,17.228
1461.0,0.65,2199.9,105.74,628.46,66.52,65.7,17.271
1462.0,0.65,2192.6,105.46,626.99,66.15,65.33,17.214
1463.0,0.65,2185.6,105.35,626.38,65.89,65.24,17.16
1464.0,0.65,2179.1,104.76,623.19,65.88,64.89,17.109
1465.0,0.65,2181.7,105.38,626.56,65.89,65.34,17.129
1466.0,0.65,2179.8,105.74,628.51,66.31,65.78,17.114
1467.0,0.65,2181.1,106.16,630.75,66.29,64.59,17.125
1468.0,0.65,2189.9,105.9,629.35,66.17,65.78,17.193
1469.0,0.65,2186.2,105.85,629.1,65.85,65.38,17.164
1470.0,0.65,2185.2,106.33,631.69,65.64,64.74,17.157
1471.0,0.65,2179.6,106.61,633.22,65.77,64.22,17.113
1472.0,0.65,2181.7,106.22,631.07,65.76,65.36,17.129
1473.0,0.65,2179.0,106.28,631.39,65.85,65.51,17.108
1474.0,0.65,2180.8,105.99,629.82,66.01,65.97,17.123
1475.0,0.65,2180.2,106.07,630.25,66.14,65.13,17.117
1476.0,0.65,2177.7,106.4,632.06,66.14,64.7,17.098
1477.0,0.65,2170.1,106.3,631.53,66.14,65.37,17.039
1478.0,0.65,2178.8,107.06,635.62,66.05,65.61,17.106
1479.0,0.65,2183.7,106.95,635.06,66.1,65.05,17.145
1480.0,0.65,2187.9,106.79,634.18,65.96,65.36,17.178
1481.0,0.65,2188.1,106.64,633.35,65.97,65.47,17.18
1482.0,0.65,2184.7,107.03,635.46,66.22,65.07,17.153
1483.0,0.65,2187.6,106.68,633.58,66.12,65.38,17.175
1484.0,0.65,2183.1,106.29,631.48,66.15,65.16,17.141
1485.0,0.65,2182.5,105.82,628.92,66.27,65.29,17.136
1486.0,0.65,2180.5,105.94,629.58,66.3,65.62,17.12
1487.0,0.65,2178.9,105.51,627.25,66.22,64.91,17.108
1488.0,0.65,2177.5,105.09,624.98,66.61,65.67,17.097
1489.0,0.65,2178.3,104.89,623.85,66.38,64.93,17.103
1490.0,0.65,2182.8,104.86,623.71,66.1,65.74,17.138
1491.0,0.65,2184.5,104.28,620.59,66.09,64.91,17.151
1492.0,0.65,2183.8,104.07,619.43,66.05,64.92,17.146
1493.0,0.65,2183.5,103.57,616.71,65.88,64.81,17.144
1494.0,0.65,2175.7,103.86,618.27,66.06,65.57,17.082
1495.0,0.65,2185.0,103.61,616.95,66.11,65.47,17.155
1496.0,0.65,2188.9,103.58,616.78,65.88,65.4,17.186
1497.0,0.65,2189.0,103.37,615.65,65.87,65.57,17.186
1498.0,0.65,2183.7,103.18,614.62,65.8,65.04,17.145
1499.0,0.65,2178.9,103.0,613.61,66.0,65.3,17.107
1500.0,0.35,2078.6,102.46,610.72,65.99,63.47,8.842
1501.0,0.35,2011.7,101.85,607.38,66.08,61.81,8.561
1502.0,0.35,1952.6,101.56,605.84,65.62,60.87,8.313
1503.0,0.35,1928.0,101.04,603.03,65.4,60.96,8.21
1504.0,0.35,1908.4,100.3,599.01,65.42,60.46,8.128
1505.0,0.35,1899.7,100.42,599.67,65.11,60.41,8.091
1506.0,0.35,1880.0,99.44,594.33,65.24,59.73,8.008
1507.0,0.35,1863.4,98.31,588.22,65.27,58.95,7.939
1508.0,0.35,1854.1,97.57,584.2,64.8,58.94,7.899
1509.0,0.35,1853.9,97.51,583.86,64.47,58.72,7.898
1510.0,0.35,1842.5,96.83,580.17,64.28,59.36,7.851
1511.0,0.35,1841.4,96.43,578.04,63.65,59.02,7.846
1512.0,0.35,1844.3,96.15,576.49,63.44,59.29,7.858
1513.0,0.35,1848.8,95.96,575.49,63.26,58.59,7.877
1514.0,0.35,1846.4,95.67,573.9,63.17,58.46,7.867
1515.0,0.35,1847.5,95.36,572.23,62.72,58.66,7.872
1516.0,0.35,1847.1,94.83,569.37,62.23,59.55,7.87
1517.0,0.35,1845.6,94.57,567.94,61.71,58.88,7.863
1518.0,0.35,1846.2,94.21,566.01,61.54,58.58,7.866
1519.0,0.35,1846.4,93.24,560.73,61.49,58.37,7.867
1520.0,0.35,1852.3,92.28,555.51,61.21,59.71,7.892
1521.0,0.35,1853.2,91.59,551.78,60.73,58.78,7.896
1522.0,0.35,1858.0,91.52,551.39,60.8,58.64,7.916
1523.0,0.35,1857.6,91.15,549.42,60.37,59.02,7.914
1524.0,0.35,1856.5,91.0,548.62,60.07,59.75,7.909
1525.0,0.35,1855.2,90.22,544.37,60.32,59.24,7.904
1526.0,0.35,1844.6,90.08,543.63,60.17,58.61,7.859
1527.0,0.35,1846.4,89.76,541.87,59.97,59.4,7.867
1528.0,0.35,1832.0,89.12,538.39,59.72,58.41,7.807
1529.0,0.35,1835.7,88.35,534.22,59.68,58.56,7.822
1530.0,0.35,1839.9,88.28,533.83,59.53,58.69,7.84
1531.0,0.35,1839.4,87.81,531.31,59.39,57.95,7.838
1532.0,0.35,1845.9,87.89,531.72,59.67,58.75,7.865
1533.0,0.35,1846.1,87.61,530.2,59.34,58.42,7.866
1534.0,0.35,1842.3,87.09,527.4,59.33,58.96,7.85
1535.0,0.35,1848.1,86.71,525.35,59.14,59.5,7.874
1536.0,0.35,1841.4,87.32,528.64,59.07,58.06,7.846
1537.0,0.35,1842.2,86.66,525.05,58.77,59.18,7.849
1538.0,0.35,1839.0,86.18,522.49,58.64,59.68,7.836
1539.0,0.35,1842.5,86.24,522.8,58.34,58.52,7.85
1540.0,0.35,1842.8,85.79,520.35,58.32,59.35,7.852
1541.0,0.35,1843.6,85.83,520.59,58.67,58.6,7.855
1542.0,0.35,1850.2,85.7,519.89,58.75,59.11,7.883
1543.0,0.35,1851.3,84.84,515.22,58.56,59.06,7.888
1544.0,0.35,1851.4,84.71,514.49,58.3,59.29,7.888
1545.0,0.35,1852.6,83.94,510.31,58.12,59.64,7.893
1546.0,0.35,1845.7,83.95,510.41,57.96,58.86,7.864
1547.0,0.35,1850.4,83.9,510.14,57.81,59.48,7.884
1548.0,0.35,1848.3,83.64,508.68,57.76,59.9,7.875
1549.0,0.35,1853.9,83.73,509.16,57.86,58.74,7.899
1550.0,0.35,1843.6,83.68,508.9,57.74,59.26,7.855
1551.0,0.35,1843.0,83.7,509.02,57.59,58.3,7.853
1552.0,0.35,1843.9,83.69,508.97,57.78,58.34,7.856
1553.0,0.35,1844.3,83.79,509.49,57.44,58.64,7.858
1554.0,0.35,1847.0,83.61,508.55,57.08,58.87,7.87
1555.0,0.35,1844.6,83.22,506.44,57.01,59.52,7.859
1556.0,0.35,1836.4,82.93,504.88,56.61,58.84,7.825
1557.0,0.35,1835.6,82.29,501.4,56.75,58.52,7.822
1558.0,0.35,1835.2,82.45,502.28,57.2,58.07,7.82
1559.0,0.35,1841.0,82.25,501.16,57.16,59.19,7.844
1560.0,0.35,1843.1,82.05,500.09,56.81,59.49,7.853
1561.0,0.35,1843.1,81.97,499.66,56.49,58.73,7.853
1562.0,0.35,1845.7,82.18,500.78,55.93,59.47,7.864
1563.0,0.35,1847.8,81.56,497.41,55.78,58.81,7.873
1564.0,0.35,1846.4,81.29,495.94,55.81,59.39,7.867
1565.0,0.35,1845.5,81.7,498.19,55.21,59.15,7.863
1566.0,0.35,1849.6,81.17,495.3,55.36,59.33,7.88
1567.0,0.35,1848.8,81.02,494.52,55.68,58.13,7.877
1568.0,0.35,1848.5,80.73,492.95,55.45,59.4,7.876
1569.0,0.35,1853.5,81.09,494.86,55.36,58.83,7.897
1570.0,0.35,1853.0,80.86,493.64,55.07,58.64,7.895
1571.0,0.35,1851.4,81.22,495.61,54.79,59.46,7.888
1572.0,0.35,1851.3,80.72,492.87,55.18,59.17,7.887
1573.0,0.35,1846.6,80.7,492.77,55.03,58.33,7.868
1574.0,0.35,1848.2,80.87,493.71,55.01,59.25,7.875
1575.0,0.35,1836.4,80.37,490.97,54.84,59.74,7.825
1576.0,0.35,1843.2,80.54,491.9,54.74,59.4,7.854
1577.0,0.35,1847.9,79.83,488.07,54.51,58.88,7.873
1578.0,0.35,1850.5,79.68,487.26,54.4,58.83,7.884
1579.0,0.35,1848.2,79.8,487.88,54.4,58.82,7.875
1580.0,0.35,1847.8,79.43,485.87,54.63,58.43,7.873
1581.0,0.35,1848.2,78.9,483.01,54.78,58.65,7.875
1582.0,0.35,1842.7,77.96,477.9,54.54,59.22,7.851
1583.0,0.35,1832.7,77.26,474.13,54.61,58.32,7.809
1584.0,0.35,1838.3,77.5,475.42,54.41,58.8,7.833
1585.0,0.35,1835.1,77.18,473.66,54.19,58.41,7.819
1586.0,0.35,1841.9,76.58,470.46,54.4,58.83,7.848
1587.0,0.35,1842.3,76.73,471.26,54.53,60.09,7.85
1588.0,0.35,1836.7,76.79,471.57,54.0,58.69,7.826
1589.0,0.35,1838.4,76.73,471.23,53.92,58.66,7.833
1590.0,0.35,1839.5,76.4,469.45,54.16,58.55,7.838
1591.0,0.35,1836.8,76.64,470.76,54.1,58.81,7.827
1592.0,0.35,1840.2,76.66,470.86,54.1,59.36,7.841
1593.0,0.35,1846.4,76.13,467.99,54.09,58.77,7.867
1594.0,0.35,1842.5,75.77,466.05,54.13,58.67,7.851
1595.0,0.35,1842.7,75.7,465.69,53.94,59.4,7.851
1596.0,0.35,1840.1,75.75,465.93,54.11,58.73,7.841
1597.0,0.35,1847.1,75.87,466.57,54.29,59.28,7.87
1598.0,0.35,1849.9,75.71,465.73,53.96,59.41,7.882
1599.0,0.35,1850.2,75.15,462.71,53.95,58.71,7.883
1600.0,0.35,1850.1,75.35,463.79,53.92,59.36,7.883
1601.0,0.35,1849.4,74.9,461.34,53.69,59.15,7.879
1602.0,0.35,1848.9,74.88,461.21,53.54,58.78,7.877
1603.0,0.35,1846.4,75.06,462.18,53.58,58.51,7.867
1604.0,0.35,1848.6,74.93,461.5,53.51,58.64,7.876
1605.0,0.35,1847.4,75.06,462.22,53.59,58.75,7.871
1606.0,0.35,1849.9,75.65,465.39,53.48,59.04,7.882
1607.0,0.35,1842.9,75.85,466.48,53.43,59.53,7.852
1608.0,0.35,1849.5,75.85,466.51,53.45,58.61,7.88
1609.0,0.35,1848.1,75.63,465.27,53.42,59.4,7.874
1610.0,0.35,1856.6,75.16,462.75,53.54,59.69,7.91
1611.0,0.35,1850.0,75.22,463.06,53.45,58.92,7.882
1612.0,0.35,1849.7,75.1,462.41,53.43,58.99,7.881
1613.0,0.35,1851.6,74.88,461.21,53.31,59.6,7.889
1614.0,0.35,1848.3,74.26,457.84,53.16,59.73,7.875
1615.0,0.35,1837.1,74.75,460.53,53.17,58.87,7.828
1616.0,0.35,1834.1,74.67,460.07,52.83,58.84,7.815
1617.0,0.35,1834.6,74.42,458.76,52.67,59.55,7.817
1618.0,0.35,1842.0,74.91,461.37,52.41,58.68,7.848
1619.0,0.35,1837.9,74.56,459.47,52.61,59.05,7.831
1620.0,0.35,1839.0,73.77,455.2,52.29,58.55,7.836
1621.0,0.35,1842.2,73.88,455.82,51.97,59.63,7.849
1622.0,0.35,1842.4,73.85,455.65,51.56,59.13,7.85
1623.0,0.35,1838.0,73.9,455.92,51.48,58.77,7.832
1624.0,0.35,1842.7,73.88,455.82,51.6,58.98,7.852
1625.0,0.35,1846.4,74.6,459.7,51.99,58.35,7.867
1626.0,0.35,1852.7,74.31,458.11,51.38,59.36,7.893
1627.0,0.35,1851.5,73.82,455.48,51.67,59.27,7.888
1628.0,0.35,1849.2,74.16,457.33,51.82,59.22,7.879
1629.0,0.35,1858.2,74.19,457.51,52.2,59.14,7.917
1630.0,0.35,1861.4,74.15,457.28,52.19,59.63,7.93
1631.0,0.35,1859.0,73.91,455.98,52.2,59.4,7.92
1632.0,0.35,1858.2,73.78,455.28,52.14,59.55,7.917
1633.0,0.35,1850.5,74.27,457.91,52.37,58.97,7.884
1634.0,0.35,1849.6,73.99,456.39,52.04,58.2,7.88
1635.0,0.35,1844.2,74.03,456.63,51.97,58.94,7.858
1636.0,0.35,1841.7,73.84,455.6,51.87,58.38,7.847
1637.0,0.35,1841.1,73.58,454.16,51.8,58.47,7.845
1638.0,0.35,1844.2,72.98,450.95,51.84,58.7,7.858
1639.0,0.35,1843.9,72.53,448.47,51.94,58.43,7.856
1640.0,0.35,1840.1,72.27,447.1,51.78,58.58,7.84
1641.0,0.35,1841.6,72.5,448.33,52.04,58.51,7.847
1642.0,0.35,1842.0,72.61,448.9,52.12,59.1,7.849
1643.0,0.35,1848.6,72.67,449.27,52.09,58.77,7.876
1644.0,0.35,1848.5,73.04,451.24,51.97,58.76,7.876
1645.0,0.35,1842.1,73.05,451.31,51.36,58.81,7.849
1646.0,0.35,1843.1,73.36,452.97,51.51,59.51,7.853
1647.0,0.35,1848.7,73.13,451.73,51.49,59.59,7.876
1648.0,0.35,1851.9,72.72,449.51,51.28,59.02,7.89
1649.0,0.35,1856.6,72.84,450.14,51.33,59.1,7.91
1650.0,0.35,1852.5,72.83,450.09,51.48,59.2,7.892
1651.0,0.35,1845.0,72.87,450.31,51.38,59.35,7.861
1652.0,0.35,1846.5,73.69,454.75,51.13,58.85,7.867
1653.0,0.35,1836.0,73.82,455.47,51.01,58.23,7.823
1654.0,0.35,1837.2,74.02,456.57,50.6,58.62,7.828
1655.0,0.35,1840.0,73.35,452.96,50.6,58.47,7.84
1656.0,0.35,1847.7,73.72,454.94,51.17,59.54,7.872
1657.0,0.35,1849.6,73.51,453.77,51.52,59.09,7.88
1658.0,0.35,1844.0,73.14,451.8,51.38,58.5,7.857
1659.0,0.35,1834.9,72.42,447.89,51.23,58.53,7.819
1660.0,0.35,1836.6,72.27,447.05,51.42,59.17,7.826
1661.0,0.35,1840.3,72.34,447.47,51.35,58.88,7.841
1662.0,0.35,1836.4,72.68,449.29,51.26,59.07,7.825
1663.0,0.35,1840.9,72.48,448.2,51.25,59.26,7.844
1664.0,0.35,1843.2,72.48,448.22,50.63,59.59,7.854
1665.0,0.35,1849.7,72.91,450.54,50.89,58.83,7.881
1666.0,0.35,1842.3,73.08,451.45,50.57,58.59,7.85
1667.0,0.35,1840.9,73.04,451.27,50.7,59.55,7.844
1668.0,0.35,1843.9,73.29,452.59,50.77,58.97,7.856
1669.0,0.35,1841.7,73.07,451.39,50.88,59.23,7.847
1670.0,0.35,1840.6,72.87,450.31,51.25,59.87,7.842
1671.0,0.35,1845.3,72.6,448.86,51.15,59.09,7.862
1672.0,0.35,1841.7,72.86,450.29,51.43,58.94,7.847
1673.0,0.35,1848.8,72.78,449.83,51.42,59.77,7.877
1674.0,0.35,1847.1,72.82,450.08,51.01,58.83,7.87
1675.0,0.35,1845.4,72.91,450.56,51.12,58.94,7.863
1676.0,0.35,1838.9,73.1,451.57,50.64,59.17,7.835
1677.0,0.35,1836.7,73.28,452.56,50.66,58.75,7.826
1678.0,0.35,1837.3,73.51,453.79,50.33,59.06,7.829
1679.0,0.35,1844.2,73.69,454.78,49.78,58.81,7.858
1680.0,0.35,1844.0,73.74,455.05,49.6,59.02,7.857
1681.0,0.35,1843.6,73.33,452.81,49.67,59.11,7.855
1682.0,0.35,1845.4,73.41,453.27,49.85,58.49,7.863
1683.0,0.35,1850.4,73.63,454.45,50.04,58.62,7.884
1684.0,0.35,1852.6,73.84,455.59,49.97,58.18,7.893
1685.0,0.35,1856.9,73.13,451.76,50.15,59.74,7.911
1686.0,0.35,1859.8,72.95,450.74,50.33,59.18,7.923
1687.0,0.35,1858.8,72.69,449.33,49.93,59.08,7.919
1688.0,0.35,1857.3,73.14,451.81,49.62,59.93,7.913
1689.0,0.35,1855.3,73.02,451.14,49.6,58.8,7.904
1690.0,0.35,1847.7,73.59,454.25,50.01,58.03,7.872
1691.0,0.35,1844.4,73.62,454.41,50.43,58.82,7.858
1692.0,0.35,1842.8,73.65,454.55,50.72,58.55,7.852
1693.0,0.35,1847.0,73.87,455.75,50.74,59.5,7.87
1694.0,0.35,1844.6,74.15,457.27,51.2,58.96,7.86
1695.0,0.35,1845.6,73.75,455.08,50.84,59.16,7.864
1696.0,0.35,1851.9,73.58,454.16,50.95,59.16,7.89
1697.0,0.35,1848.2,73.65,454.54,50.86,59.44,7.875
1698.0,0.35,1846.0,73.85,455.64,50.78,58.92,7.865
1699.0,0.35,1841.5,73.9,455.92,50.62,59.02,7.847
1700.0,0.35,1849.5,74.33,458.22,50.44,58.66,7.88
1701.0,0.35,1853.5,74.57,459.52,50.53,59.12,7.897
1702.0,0.35,1853.5,74.51,459.2,50.45,58.61,7.897
1703.0,0.35,1857.4,75.04,462.1,50.24,59.07,7.913
1704.0,0.35,1854.9,75.1,462.4,50.15,58.91,7.902
1705.0,0.35,1851.8,74.82,460.88,50.28,58.45,7.89
1706.0,0.35,1861.3,74.37,458.45,50.34,59.18,7.929
1707.0,0.35,1858.3,74.65,459.98,50.48,59.24,7.917
1708.0,0.35,1852.9,74.98,461.78,50.49,59.35,7.894
1709.0,0.35,1843.7,74.73,460.41,50.62,58.86,7.856
1710.0,0.35,1846.8,74.95,461.62,50.18,58.7,7.869
1711.0,0.35,1848.2,75.08,462.29,49.62,58.56,7.875
1712.0,0.35,1843.6,75.04,462.11,49.54,58.64,7.855
1713.0,0.35,1848.6,74.95,461.58,49.65,59.41,7.876
1714.0,0.35,1846.2,75.28,463.39,49.67,59.68,7.866
1715.0,0.35,1838.4,75.26,463.29,49.68,59.17,7.833
1716.0,0.35,1844.5,75.32,463.61,49.95,58.35,7.859
1717.0,0.35,1844.2,75.44,464.24,50.02,59.3,7.858
1718.0,0.35,1849.0,75.15,462.66,49.95,59.16,7.878
1719.0,0.35,1846.7,75.03,462.03,49.89,58.35,7.868
1720.0,0.35,1848.4,74.78,460.67,49.93,59.61,7.876
1721.0,0.35,1856.0,74.52,459.3,49.55,59.79,7.907
1722.0,0.35,1850.9,74.76,460.57,49.66,59.03,7.886
1723.0,0.35,1848.4,74.53,459.35,49.73,59.22,7.875
1724.0,0.35,1842.2,74.35,458.37,49.62,58.96,7.849
1725.0,0.35,1849.1,74.2,457.53,49.88,59.38,7.878
1726.0,0.35,1842.8,74.15,457.28,49.81,58.55,7.852
1727.0,0.35,1845.4,74.31,458.11,49.88,58.75,7.863
1728.0,0.35,1847.0,74.58,459.57,49.89,58.47,7.869
1729.0,0.35,1841.8,74.83,460.94,49.66,58.99,7.847
1730.0,0.35,1842.0,74.7,460.26,49.96,58.97,7.848
1731.0,0.35,1836.6,74.64,459.92,50.52,58.63,7.826
1732.0,0.35,1829.0,74.6,459.71,50.2,59.21,7.794
1733.0,0.35,1831.9,74.37,458.44,50.3,58.43,7.806
1734.0,0.35,1829.2,74.38,458.53,50.24,58.26,7.795
1735.0,0.35,1835.7,74.57,459.56,50.43,58.77,7.822
1736.0,0.35,1835.1,74.61,459.74,50.22,59.34,7.82
1737.0,0.35,1832.0,74.42,458.73,50.33,58.48,7.806
1738.0,0.35,1833.2,74.12,457.11,50.38,58.18,7.811
1739.0,0.35,1837.5,74.48,459.05,50.3,58.33,7.829
1740.0,0.35,1840.9,74.35,458.37,50.26,58.18,7.844
1741.0,0.35,1844.8,74.24,457.75,50.39,59.11,7.86
1742.0,0.35,1845.8,74.68,460.13,50.28,58.78,7.865
1743.0,0.35,1839.8,74.92,461.43,50.25,59.07,7.839
1744.0,0.35,1843.0,74.49,459.11,49.9,59.06,7.853
1745.0,0.35,1845.0,74.12,457.12,49.93,58.4,7.861
1746.0,0.35,1835.9,74.02,456.54,50.1,58.57,7.823
1747.0,0.35,1836.5,74.32,458.18,50.19,59.37,7.825
1748.0,0.35,1845.1,74.15,457.25,50.04,59.27,7.862
1749.0,0.35,1842.4,74.5,459.16,50.2,59.0,7.85
1750.0,0.35,1847.2,74.68,460.15,49.98,59.6,7.87
1751.0,0.35,1844.7,75.07,462.25,50.13,59.41,7.86
1752.0,0.35,1850.1,74.8,460.8,50.08,59.25,7.883
1753.0,0.35,1854.6,74.68,460.16,50.06,59.16,7.902
1754.0,0.35,1850.7,74.68,460.14,50.18,59.79,7.885
1755.0,0.35,1845.2,74.62,459.79,50.43,59.67,7.862
1756.0,0.35,1843.3,73.69,454.75,50.4,58.68,7.854
1757.0,0.35,1846.2,74.2,457.53,50.27,59.2,7.866
1758.0,0.35,1845.7,74.14,457.21,50.41,58.99,7.864
1759.0,0.35,1844.6,74.41,458.67,50.26,58.69,7.859
1760.0,0.35,1847.4,74.63,459.87,50.36,58.56,7.871
1761.0,0.35,1847.2,75.27,463.31,50.22,59.17,7.87
1762.0,0.35,1836.2,74.9,461.35,50.05,59.09,7.824
1763.0,0.35,1839.3,74.64,459.93,49.96,58.5,7.837
1764.0,0.35,1841.5,74.3,458.08,49.84,59.02,7.846
1765.0,0.35,1846.7,74.19,457.47,49.65,58.67,7.868
1766.0,0.35,1848.2,74.67,460.1,49.84,59.05,7.875
1767.0,0.35,1844.3,74.52,459.25,49.78,59.38,7.858
1768.0,0.35,1839.1,74.46,458.96,49.83,59.06,7.836
1769.0,0.35,1845.4,74.4,458.64,49.98,59.5,7.863
1770.0,0.35,1849.9,74.32,458.18,49.94,58.93,7.882
1771.0,0.35,1840.6,74.34,458.32,50.06,58.44,7.842
1772.0,0.35,1842.1,74.31,458.11,50.29,58.86,7.849
1773.0,0.35,1847.2,74.56,459.51,50.08,57.93,7.87
1774.0,0.35,1844.3,74.33,458.26,50.1,59.68,7.858
1775.0,0.35,1846.2,74.5,459.18,50.23,59.28,7.866
1776.0,0.35,1836.1,74.73,460.43,50.09,58.5,7.824
1777.0,0.35,1836.3,74.55,459.41,50.11,58.53,7.825
1778.0,0.35,1837.9,74.62,459.79,49.76,58.76,7.831
1779.0,0.35,1840.8,75.21,463.03,49.77,58.45,7.844
1780.0,0.35,1837.2,75.13,462.6,49.81,58.7,7.828
1781.0,0.35,1842.7,75.07,462.24,49.85,59.16,7.851
1782.0,0.35,1842.5,74.32,458.2,50.0,58.4,7.851
1783.0,0.35,1840.6,74.43,458.79,49.98,59.34,7.843
1784.0,0.35,1845.3,74.45,458.87,49.95,59.17,7.862
1785.0,0.35,1844.8,74.78,460.66,49.76,59.47,7.86
1786.0,0.35,1855.7,74.85,461.07,49.67,59.14,7.906
1787.0,0.35,1844.5,74.9,461.32,49.58,58.22,7.859
1788.0,0.35,1845.1,74.69,460.17,49.65,59.26,7.861
1789.0,0.35,1847.6,74.84,461.01,49.67,59.01,7.872
1790.0,0.35,1845.5,75.54,464.79,49.65,59.04,7.863
1791.0,0.35,1849.4,75.5,464.58,49.9,58.85,7.879
1792.0,0.35,1844.8,75.23,463.13,50.23,59.32,7.86
1793.0,0.35,1850.6,74.97,461.72,50.44,59.14,7.885
1794.0,0.35,1848.6,74.68,460.15,50.61,58.96,7.876
1795.0,0.35,1849.6,74.38,458.53,50.66,60.04,7.881
1796.0,0.35,1848.7,74.6,459.69,50.83,58.73,7.877
1797.0,0.35,1854.1,74.65,459.98,51.11,59.11,7.899
1798.0,0.35,1856.7,74.91,461.41,50.78,59.2,7.91
1799.0,0.35,1854.8,74.91,461.36,50.51,59.64,7.902
